,ProtonNum,NucleonNum,Mass
0,1.0,1,1.007825031898
1,1.0,2,2.014101777844
2,1.0,3,3.01604928132
3,2.0,3,3.01602932197
4,3.0,3,3.030775
5,1.0,4,4.026431867
6,2.0,4,4.00260325413
7,3.0,4,4.027185561
8,1.0,5,5.035311492
9,2.0,5,5.012057224
10,3.0,5,5.0125378
11,4.0,5,5.03987
12,1.0,6,6.044955437
13,2.0,6,6.018885889
14,3.0,6,6.01512288742
15,4.0,6,6.019726409
16,5.0,6,6.0508
17,1.0,7,7.052749
18,2.0,7,7.027990652
19,3.0,7,7.01600343426
20,4.0,7,7.016928714
21,5.0,7,7.029712
22,2.0,8,8.033934388
23,3.0,8,8.022486244
24,4.0,8,8.005305102
25,5.0,8,8.024607315
26,6.0,8,8.037643039
27,2.0,9,9.043946414
28,3.0,9,9.026790191
29,4.0,9,9.012183062
30,5.0,9,9.013329645
31,6.0,9,9.031037202
32,2.0,10,10.052815306
33,3.0,10,10.035483453
34,4.0,10,10.013534692
35,5.0,10,10.012936862
36,6.0,10,10.016853217
37,7.0,10,10.04165354
38,3.0,11,11.043723581
39,4.0,11,11.02166108
40,5.0,11,11.009305166
41,6.0,11,11.011432597
42,7.0,11,11.026157593
43,8.0,11,11.051249828
44,3.0,12,12.052613942
45,4.0,12,12.026922082
46,5.0,12,12.014352638
47,6.0,12,12.0
48,7.0,12,12.01861318
49,8.0,12,12.034367726
50,3.0,13,13.061171503
51,4.0,13,13.036134506
52,5.0,13,13.017779981
53,6.0,13,13.00335483534
54,7.0,13,13.005738609
55,8.0,13,13.024815435
56,9.0,13,13.045121
57,4.0,14,14.04289292
58,5.0,14,14.02540401
59,6.0,14,14.00324198862
60,7.0,14,14.00307400425
61,8.0,14,14.008596706
62,9.0,14,14.034315196
63,4.0,15,15.053490215
64,5.0,15,15.031087023
65,6.0,15,15.010599256
66,7.0,15,15.00010889827
67,8.0,15,15.003065636
68,9.0,15,15.017785139
69,10.0,15,15.043172977
70,4.0,16,16.061672036
71,5.0,16,16.039841045
72,6.0,16,16.014701255
73,7.0,16,16.006101925
74,8.0,16,15.99491461926
75,9.0,16,16.011460278
76,10.0,16,16.02575086
77,5.0,17,17.046931399
78,6.0,17,17.02257865
79,7.0,17,17.008448876
80,8.0,17,16.99913175595
81,9.0,17,17.002095237
82,10.0,17,17.017713962
83,11.0,17,17.037273
84,5.0,18,18.055601683
85,6.0,18,18.02675193
86,7.0,18,18.014077563
87,8.0,18,17.99915961214
88,9.0,18,18.000937324
89,10.0,18,18.005708696
90,11.0,18,18.026879388
91,5.0,19,19.064166
92,6.0,19,19.034797594
93,7.0,19,19.017022389
94,8.0,19,19.003577969
95,9.0,19,18.99840316207
96,10.0,19,19.001880906
97,11.0,19,19.013880264
98,12.0,19,19.03417992
99,5.0,20,20.074505644
100,6.0,20,20.040261732
101,7.0,20,20.023367295
102,8.0,20,20.004075357
103,9.0,20,19.999981252
104,10.0,20,19.99244017525
105,11.0,20,20.007354301
106,12.0,20,20.018763075
107,5.0,21,21.084147485
108,6.0,21,21.049
109,7.0,21,21.027087573
110,8.0,21,21.008654948
111,9.0,21,20.999948893
112,10.0,21,20.993846685
113,11.0,21,20.997654459
114,12.0,21,21.011705764
115,13.0,21,21.029082
116,6.0,22,22.05755399
117,7.0,22,22.034100918
118,8.0,22,22.009965744
119,9.0,22,22.002998812
120,10.0,22,21.991385113
121,11.0,22,21.994437547
122,12.0,22,21.999570597
123,13.0,22,22.01954
124,14.0,22,22.036114
125,6.0,23,23.06889
126,7.0,23,23.039421
127,8.0,23,23.015696686
128,9.0,23,23.003526875
129,10.0,23,22.994466905
130,11.0,23,22.98976928195
131,12.0,23,22.994123768
132,13.0,23,23.007244351
133,14.0,23,23.025711
134,7.0,24,24.05039
135,8.0,24,24.019861
136,9.0,24,24.00809937
137,10.0,24,23.993610649
138,11.0,24,23.990963012
139,12.0,24,23.985041689
140,13.0,24,23.999947598
141,14.0,24,24.01153543
142,15.0,24,24.036522
143,7.0,25,25.0601
144,8.0,25,25.029338919
145,9.0,25,25.012167727
146,10.0,25,24.997814797
147,11.0,25,24.989953974
148,12.0,25,24.985836966
149,13.0,25,24.990428308
150,14.0,25,25.004108798
151,15.0,25,25.021675
152,8.0,26,26.037210155
153,9.0,26,26.020048065
154,10.0,26,26.000516496
155,11.0,26,25.992634649
156,12.0,26,25.982592972
157,13.0,26,25.986891876
158,14.0,26,25.992333818
159,15.0,26,26.01178
160,16.0,26,26.029716
161,8.0,27,27.047955
162,9.0,27,27.026981897
163,10.0,27,27.007569462
164,11.0,27,26.994076408
165,12.0,27,26.984340647
166,13.0,27,26.981538408
167,14.0,27,26.986704687
168,15.0,27,26.999292499
169,16.0,27,27.018777
170,8.0,28,28.05591
171,9.0,28,28.035860448
172,10.0,28,28.012130767
173,11.0,28,27.998939
174,12.0,28,27.983875426
175,13.0,28,27.981910009
176,14.0,28,27.97692653442
177,15.0,28,27.99232646
178,16.0,28,28.004372762
179,17.0,28,28.030349
180,9.0,29,29.043103
181,10.0,29,29.019753
182,11.0,29,29.002877091
183,12.0,29,28.988607163
184,13.0,29,28.980453164
185,14.0,29,28.97649466434
186,15.0,29,28.981800368
187,16.0,29,28.996678
188,17.0,29,29.015053
189,18.0,29,29.040761
190,9.0,30,30.052561
191,10.0,30,30.024992235
192,11.0,30,30.009097931
193,12.0,30,29.990465454
194,13.0,30,29.982969171
195,14.0,30,29.973770137
196,15.0,30,29.97831349
197,16.0,30,29.98490677
198,17.0,30,30.005018333
199,18.0,30,30.023694
200,9.0,31,31.061023
201,10.0,31,31.033474816
202,11.0,31,31.013146654
203,12.0,31,30.996648232
204,13.0,31,30.983949754
205,14.0,31,30.975363196
206,15.0,31,30.97376199768
207,16.0,31,30.979557002
208,17.0,31,30.992448097
209,18.0,31,31.012158
210,19.0,31,31.03678
211,10.0,32,32.03972
212,11.0,32,32.020011024
213,12.0,32,31.999110138
214,13.0,32,31.988084338
215,14.0,32,31.974151538
216,15.0,32,31.973907643
217,16.0,32,31.97207117354
218,17.0,32,31.985684605
219,18.0,32,31.997637824
220,19.0,32,32.023607
221,10.0,33,33.049523
222,11.0,33,33.025529
223,12.0,33,33.005327862
224,13.0,33,32.990877685
225,14.0,33,32.977976964
226,15.0,33,32.971725692
227,16.0,33,32.97145890862
228,17.0,33,32.977451988
229,18.0,33,32.989925545
230,19.0,33,33.008095
231,20.0,33,33.033312
232,10.0,34,34.056728
233,11.0,34,34.03401
234,12.0,34,34.008935455
235,13.0,34,33.996781924
236,14.0,34,33.978538045
237,15.0,34,33.973645886
238,16.0,34,33.967867011
239,17.0,34,33.97376249
240,18.0,34,33.980270092
241,19.0,34,33.99869
242,20.0,34,34.015985
243,11.0,35,35.040614
244,12.0,35,35.01679
245,13.0,35,34.999759816
246,14.0,35,34.984550111
247,15.0,35,34.973314045
248,16.0,35,34.969032321
249,17.0,35,34.968852694
250,18.0,35,34.975257719
251,19.0,35,34.988005406
252,20.0,35,35.005572
253,21.0,35,35.029093
254,11.0,36,36.049279
255,12.0,36,36.021879
256,13.0,36,36.006388
257,14.0,36,35.986649271
258,15.0,36,35.97825961
259,16.0,36,35.967080692
260,17.0,36,35.968306822
261,18.0,36,35.967545106
262,19.0,36,35.981301887
263,20.0,36,35.993074388
264,21.0,36,36.017338
265,11.0,37,37.057042
266,12.0,37,37.030286265
267,13.0,37,37.010531
268,14.0,37,36.992945191
269,15.0,37,36.979606942
270,16.0,37,36.9711255
271,17.0,37,36.965902573
272,18.0,37,36.966776301
273,19.0,37,36.97337589
274,20.0,37,36.985897849
275,21.0,37,37.004058
276,22.0,37,37.027021
277,11.0,38,38.066458
278,12.0,38,38.03658
279,13.0,38,38.017681
280,14.0,38,37.995523
281,15.0,38,37.984303105
282,16.0,38,37.9711633
283,17.0,38,37.968010408
284,18.0,38,37.962732102
285,19.0,38,37.969081114
286,20.0,38,37.976319223
287,21.0,38,37.995438
288,22.0,38,38.012206
289,11.0,39,39.075123
290,12.0,39,39.045921
291,13.0,39,39.02307
292,14.0,39,39.002491
293,15.0,39,38.986285865
294,16.0,39,38.97513385
295,17.0,39,38.968008151
296,18.0,39,38.964313037
297,19.0,39,38.96370648482
298,20.0,39,38.970710811
299,21.0,39,38.984784953
300,22.0,39,39.002684
301,23.0,39,39.02423
302,12.0,40,40.053194
303,13.0,40,40.03094
304,14.0,40,40.006083641
305,15.0,40,39.991262221
306,16.0,40,39.975482561
307,17.0,40,39.970415466
308,18.0,40,39.96238312204
309,19.0,40,39.963998165
310,20.0,40,39.96259085
311,21.0,40,39.977967275
312,22.0,40,39.990345146
313,23.0,40,40.013387
314,12.0,41,41.062373
315,13.0,41,41.037134
316,14.0,41,41.014171
317,15.0,41,40.994654
318,16.0,41,40.979593451
319,17.0,41,40.970684525
320,18.0,41,40.96450057
321,19.0,41,40.96182525611
322,20.0,41,40.962277905
323,21.0,41,40.969251163
324,22.0,41,40.983148
325,23.0,41,41.000333
326,24.0,41,41.021911
327,13.0,42,42.045078
328,14.0,42,42.018078
329,15.0,42,42.00117214
330,16.0,42,41.9810651
331,17.0,42,41.973342
332,18.0,42,41.963045737
333,19.0,42,41.962402305
334,20.0,42,41.95861778
335,21.0,42,41.965516686
336,22.0,42,41.973049369
337,23.0,42,41.99182
338,24.0,42,42.007579
339,13.0,43,43.05182
340,14.0,43,43.026119
341,15.0,43,43.005411
342,16.0,43,42.986907635
343,17.0,43,42.9740637
344,18.0,43,42.965636056
345,19.0,43,42.960734701
346,20.0,43,42.958766381
347,21.0,43,42.961150425
348,22.0,43,42.96852842
349,23.0,43,42.980766
350,24.0,43,42.997885
351,25.0,43,43.018647
352,14.0,44,44.031466
353,15.0,44,44.011927
354,16.0,44,43.990118846
355,17.0,44,43.978014918
356,18.0,44,43.964923814
357,19.0,44,43.961586984
358,20.0,44,43.955481489
359,21.0,44,43.959402818
360,22.0,44,43.959689936
361,23.0,44,43.974440977
362,24.0,44,43.985591
363,25.0,44,44.008009
364,14.0,45,45.039818
365,15.0,45,45.017134
366,16.0,45,44.996414
367,17.0,45,44.980394353
368,18.0,45,44.968039731
369,19.0,45,44.960691491
370,20.0,45,44.95618627
371,21.0,45,44.955907051
372,22.0,45,44.958120758
373,23.0,45,44.965768498
374,24.0,45,44.97905
375,25.0,45,44.994654
376,26.0,45,45.015467
377,15.0,46,46.02452
378,16.0,46,46.000687
379,17.0,46,45.985254926
380,18.0,46,45.968039244
381,19.0,46,45.961981584
382,20.0,46,45.953687726
383,21.0,46,45.955167034
384,22.0,46,45.952626356
385,23.0,46,45.960197389
386,24.0,46,45.968360969
387,25.0,46,45.986669
388,26.0,46,46.001299
389,15.0,47,47.030929
390,16.0,47,47.00773
391,17.0,47,46.989715
392,18.0,47,46.972767112
393,19.0,47,46.961661612
394,20.0,47,46.954541134
395,21.0,47,46.952402444
396,22.0,47,46.951757491
397,23.0,47,46.954903558
398,24.0,47,46.962894995
399,25.0,47,46.975774
400,26.0,47,46.992346
401,27.0,47,47.011401
402,16.0,48,48.013301
403,17.0,48,47.995405
404,18.0,48,47.976001
405,19.0,48,47.965341184
406,20.0,48,47.952522654
407,21.0,48,47.952222903
408,22.0,48,47.947940677
409,23.0,48,47.9522509
410,24.0,48,47.954029431
411,25.0,48,47.96854876
412,26.0,48,47.980667
413,27.0,48,48.001857
414,28.0,48,48.019515
415,16.0,49,49.021891
416,17.0,49,49.000794
417,18.0,49,48.981685
418,19.0,49,48.968210753
419,20.0,49,48.955662625
420,21.0,49,48.950013159
421,22.0,49,48.947864391
422,23.0,49,48.948510509
423,24.0,49,48.95133372
424,25.0,49,48.95961335
425,26.0,49,48.973429
426,27.0,49,48.989501
427,28.0,49,49.009157
428,17.0,50,50.008266
429,18.0,50,49.985797
430,19.0,50,49.972380015
431,20.0,50,49.957499215
432,21.0,50,49.952187437
433,22.0,50,49.944785622
434,23.0,50,49.947156681
435,24.0,50,49.946042209
436,25.0,50,49.954238157
437,26.0,50,49.962988
438,27.0,50,49.981117
439,28.0,50,49.996286
440,17.0,51,51.015341
441,18.0,51,50.993033
442,19.0,51,50.975828664
443,20.0,51,50.960995663
444,21.0,51,50.953568838
445,22.0,51,50.946609468
446,23.0,51,50.943957664
447,24.0,51,50.944765388
448,25.0,51,50.94820877
449,26.0,51,50.956855137
450,27.0,51,50.970647
451,28.0,51,50.987493
452,17.0,52,52.024004
453,18.0,52,51.998519
454,19.0,52,51.981602
455,20.0,52,51.963213646
456,21.0,52,51.95649617
457,22.0,52,51.946883509
458,23.0,52,51.944773636
459,24.0,52,51.940504714
460,25.0,52,51.94555909
461,26.0,52,51.948113364
462,27.0,52,51.963130224
463,28.0,52,51.975781
464,29.0,52,51.997982
465,18.0,53,53.00729
466,19.0,53,52.9868
467,20.0,53,52.968451
468,21.0,53,52.958379173
469,22.0,53,52.949670714
470,23.0,53,52.94433494
471,24.0,53,52.940646304
472,25.0,53,52.941287497
473,26.0,53,52.945305629
474,27.0,53,52.954203278
475,28.0,53,52.96819
476,29.0,53,52.985894
477,18.0,54,54.013484
478,19.0,54,53.994471
479,20.0,54,53.972989
480,21.0,54,53.963029359
481,22.0,54,53.950892
482,23.0,54,53.946432009
483,24.0,54,53.938877359
484,25.0,54,53.940355772
485,26.0,54,53.939608189
486,27.0,54,53.948459075
487,28.0,54,53.957833
488,29.0,54,53.977198
489,30.0,54,53.993879
490,19.0,55,55.000505
491,20.0,55,54.979978
492,21.0,55,54.966889637
493,22.0,55,54.955091
494,23.0,55,54.947262
495,24.0,55,54.940836637
496,25.0,55,54.93804304
497,26.0,55,54.938291158
498,27.0,55,54.941996416
499,28.0,55,54.951329846
500,29.0,55,54.966038
501,30.0,55,54.984681
502,19.0,56,56.008567
503,20.0,56,55.985496
504,21.0,56,55.972607611
505,22.0,56,55.957677675
506,23.0,56,55.950420082
507,24.0,56,55.940648977
508,25.0,56,55.938902816
509,26.0,56,55.934935537
510,27.0,56,55.939838032
511,28.0,56,55.942127761
512,29.0,56,55.958529278
513,30.0,56,55.972743
514,31.0,56,55.995878
515,19.0,57,57.015169
516,20.0,57,56.992958
517,21.0,57,56.977048
518,22.0,57,56.963068098
519,23.0,57,56.952297
520,24.0,57,56.943612112
521,25.0,57,56.938285944
522,26.0,57,56.93539195
523,27.0,57,56.936289819
524,28.0,57,56.939791394
525,29.0,57,56.949211686
526,30.0,57,56.965056
527,31.0,57,56.983457
528,19.0,58,58.023543
529,20.0,58,57.998357
530,21.0,58,57.983382
531,22.0,58,57.966808519
532,23.0,58,57.956595985
533,24.0,58,57.944184501
534,25.0,58,57.940066643
535,26.0,58,57.933273575
536,27.0,58,57.935751292
537,28.0,58,57.93534165
538,29.0,58,57.944532283
539,30.0,58,57.954590296
540,31.0,58,57.974729
541,32.0,58,57.991863
542,19.0,59,59.030864
543,20.0,59,59.006237
544,21.0,59,58.988374
545,22.0,59,58.972217
546,23.0,59,58.959623343
547,24.0,59,58.948345426
548,25.0,59,58.940391111
549,26.0,59,58.934873492
550,27.0,59,58.933193524
551,28.0,59,58.934345442
552,29.0,59,58.939496713
553,30.0,59,58.949311886
554,31.0,59,58.963757
555,32.0,59,58.982426
556,20.0,60,60.011809
557,21.0,60,59.995115
558,22.0,60,59.976275
559,23.0,60,59.964479215
560,24.0,60,59.949641656
561,25.0,60,59.943136574
562,26.0,60,59.934070249
563,27.0,60,59.933815536
564,28.0,60,59.930785129
565,29.0,60,59.937363787
566,30.0,60,59.941841317
567,31.0,60,59.957498
568,32.0,60,59.970445
569,33.0,60,59.993945
570,20.0,61,61.020408
571,21.0,61,61.000537
572,22.0,61,60.982426
573,23.0,61,60.967603529
574,24.0,61,60.95437813
575,25.0,61,60.944452541
576,26.0,61,60.936746241
577,27.0,61,60.932476031
578,28.0,61,60.931054819
579,29.0,61,60.933457375
580,30.0,61,60.939506964
581,31.0,61,60.949398861
582,32.0,61,60.963725
583,33.0,61,60.981535
584,21.0,62,62.007848
585,22.0,62,61.986903
586,23.0,62,61.972932556
587,24.0,62,61.95614292
588,25.0,62,61.947907384
589,26.0,62,61.936791809
590,27.0,62,61.934058198
591,28.0,62,61.928344753
592,29.0,62,61.932594803
593,30.0,62,61.934333359
594,31.0,62,61.944189639
595,32.0,62,61.954761
596,33.0,62,61.973784
597,21.0,63,63.014031
598,22.0,63,62.993709
599,23.0,63,62.976661
600,24.0,63,62.961161
601,25.0,63,62.949664672
602,26.0,63,62.940272698
603,27.0,63,62.93359963
604,28.0,63,62.929669021
605,29.0,63,62.929597119
606,30.0,63,62.93321114
607,31.0,63,62.939294194
608,32.0,63,62.949628
609,33.0,63,62.964036
610,34.0,63,62.981911
611,22.0,64,63.998411
612,23.0,64,63.98248
613,24.0,64,63.963886
614,25.0,64,63.953849369
615,26.0,64,63.940987761
616,27.0,64,63.935810176
617,28.0,64,63.927966228
618,29.0,64,63.929764001
619,30.0,64,63.929141776
620,31.0,64,63.936840366
621,32.0,64,63.941689912
622,33.0,64,63.95756
623,34.0,64,63.971165
624,22.0,65,65.005593
625,23.0,65,64.986999
626,24.0,65,64.969608
627,25.0,65,64.956019749
628,26.0,65,64.945015323
629,27.0,65,64.936462071
630,28.0,65,64.930084585
631,29.0,65,64.927789476
632,30.0,65,64.929240534
633,31.0,65,64.932734424
634,32.0,65,64.939368136
635,33.0,65,64.949611
636,34.0,65,64.964552
637,35.0,65,64.982297
638,23.0,66,65.993237
639,24.0,66,65.973011
640,25.0,66,65.960546833
641,26.0,66,65.946249958
642,27.0,66,65.939442943
643,28.0,66,65.929139333
644,29.0,66,65.928868804
645,30.0,66,65.926033639
646,31.0,66,65.931589766
647,32.0,66,65.933862124
648,33.0,66,65.944148778
649,34.0,66,65.955276
650,35.0,66,65.974697
651,23.0,67,66.998128
652,24.0,67,66.979313
653,25.0,67,66.96395
654,26.0,67,66.95093
655,27.0,67,66.940609625
656,28.0,67,66.931569413
657,29.0,67,66.92772949
658,30.0,67,66.927127422
659,31.0,67,66.928202276
660,32.0,67,66.932716999
661,33.0,67,66.93925111
662,34.0,67,66.949994
663,35.0,67,66.965078
664,36.0,67,66.983305
665,24.0,68,67.983156
666,25.0,68,67.968953
667,26.0,68,67.952875
668,27.0,68,67.944559401
669,28.0,68,67.931868787
670,29.0,68,67.929610887
671,30.0,68,67.924844232
672,31.0,68,67.927980161
673,32.0,68,67.928095305
674,33.0,68,67.936774127
675,34.0,68,67.941825236
676,35.0,68,67.958356
677,36.0,68,67.972489
678,24.0,69,68.989662
679,25.0,69,68.972775
680,26.0,69,68.957918
681,27.0,69,68.945909
682,28.0,69,68.935610267
683,29.0,69,68.929429267
684,30.0,69,68.92655036
685,31.0,69,68.925573528
686,32.0,69,68.927964467
687,33.0,69,68.932246289
688,34.0,69,68.939414845
689,35.0,69,68.95033841
690,36.0,69,68.965496
691,24.0,70,69.993945
692,25.0,70,69.978046
693,26.0,70,69.960397
694,27.0,70,69.9500534
695,28.0,70,69.9364313
696,29.0,70,69.932392078
697,30.0,70,69.925319175
698,31.0,70,69.926021914
699,32.0,70,69.924248542
700,33.0,70,69.930934642
701,34.0,70,69.933515521
702,35.0,70,69.944792321
703,36.0,70,69.955877
704,25.0,71,70.982158
705,26.0,71,70.965722
706,27.0,71,70.952366923
707,28.0,71,70.940518962
708,29.0,71,70.932676831
709,30.0,71,70.927719578
710,31.0,71,70.924702554
711,32.0,71,70.92495212
712,33.0,71,70.927113594
713,34.0,71,70.932209431
714,35.0,71,70.939342153
715,36.0,71,70.950265695
716,37.0,71,70.965335
717,25.0,72,71.988009
718,26.0,72,71.968599
719,27.0,72,71.956736
720,28.0,72,71.941785924
721,29.0,72,71.935820306
722,30.0,72,71.926842806
723,31.0,72,71.926367452
724,32.0,72,71.922075824
725,33.0,72,71.926752291
726,34.0,72,71.927140506
727,35.0,72,71.936594606
728,36.0,72,71.942092406
729,37.0,72,71.958851
730,25.0,73,72.992807
731,26.0,73,72.974246
732,27.0,73,72.959238
733,28.0,73,72.946206681
734,29.0,73,72.936674376
735,30.0,73,72.92958258
736,31.0,73,72.92517468
737,32.0,73,72.923458954
738,33.0,73,72.923829086
739,34.0,73,72.926754881
740,35.0,73,72.931673441
741,36.0,73,72.939289193
742,37.0,73,72.950604506
743,38.0,73,72.9657
744,26.0,74,73.977821
745,27.0,74,73.963993
746,28.0,74,73.947718
747,29.0,74,73.93987486
748,30.0,74,73.92940726
749,31.0,74,73.926945725
750,32.0,74,73.92117776
751,33.0,74,73.923928596
752,34.0,74,73.922475933
753,35.0,74,73.929910279
754,36.0,74,73.933084016
755,37.0,74,73.944265867
756,38.0,74,73.95617
757,26.0,75,74.984219
758,27.0,75,74.967192
759,28.0,75,74.952506
760,29.0,75,74.941523817
761,30.0,75,74.932840244
762,31.0,75,74.926504484
763,32.0,75,74.92285837
764,33.0,75,74.921594562
765,34.0,75,74.92252287
766,35.0,75,74.925810566
767,36.0,75,74.930945744
768,37.0,75,74.9385732
769,38.0,75,74.949952767
770,39.0,75,74.96584
771,26.0,76,75.988631
772,27.0,76,75.972453
773,28.0,76,75.954707
774,29.0,76,75.945268974
775,30.0,76,75.933114956
776,31.0,76,75.928827624
777,32.0,76,75.921402725
778,33.0,76,75.922392011
779,34.0,76,75.919213702
780,35.0,76,75.924541574
781,36.0,76,75.925910743
782,37.0,76,75.935073031
783,38.0,76,75.94176276
784,39.0,76,75.958937
785,27.0,77,76.976479
786,28.0,77,76.959903
787,29.0,77,76.947543599
788,30.0,77,76.936887197
789,31.0,77,76.929154299
790,32.0,77,76.923549843
791,33.0,77,76.920647555
792,34.0,77,76.91991415
793,35.0,77,76.921379193
794,36.0,77,76.924669999
795,37.0,77,76.930401599
796,38.0,77,76.937945454
797,39.0,77,76.950146
798,40.0,77,76.966076
799,27.0,78,77.983553
800,28.0,78,77.962555
801,29.0,78,77.951916524
802,30.0,78,77.938289204
803,31.0,78,77.931610854
804,32.0,78,77.922852911
805,33.0,78,77.921827771
806,34.0,78,77.917309244
807,35.0,78,77.921145858
808,36.0,78,77.920366341
809,37.0,78,77.928141866
810,38.0,78,77.932179979
811,39.0,78,77.94399
812,40.0,78,77.956146
813,28.0,79,78.969769
814,29.0,79,78.9544731
815,30.0,79,78.942638067
816,31.0,79,78.932851582
817,32.0,79,78.925359506
818,33.0,79,78.920948419
819,34.0,79,78.918499252
820,35.0,79,78.918337574
821,36.0,79,78.920082919
822,37.0,79,78.923990095
823,38.0,79,78.929704692
824,39.0,79,78.937946
825,40.0,79,78.94979
826,41.0,79,78.966022
827,28.0,80,79.975051
828,29.0,80,79.960623
829,30.0,80,79.944552929
830,31.0,80,79.936420773
831,32.0,80,79.925350773
832,33.0,80,79.92247444
833,34.0,80,79.916521761
834,35.0,80,79.918529784
835,36.0,80,79.91637794
836,37.0,80,79.922516442
837,38.0,80,79.924517538
838,39.0,80,79.93435475
839,40.0,80,79.941213
840,41.0,80,79.958754
841,28.0,81,80.982727
842,29.0,81,80.965743
843,30.0,81,80.950402617
844,31.0,81,80.938133841
845,32.0,81,80.928832941
846,33.0,81,80.922132288
847,34.0,81,80.917993019
848,35.0,81,80.916288197
849,36.0,81,80.916589703
850,37.0,81,80.9189939
851,38.0,81,80.923211393
852,39.0,81,80.929454283
853,40.0,81,80.938245
854,41.0,81,80.95023
855,42.0,81,80.966226
856,28.0,82,81.988492
857,29.0,82,81.972378
858,30.0,82,81.954574097
859,31.0,82,81.943176531
860,32.0,82,81.929774031
861,33.0,82,81.924738731
862,34.0,82,81.916699531
863,35.0,82,81.916801752
864,36.0,82,81.91348115368
865,37.0,82,81.918209023
866,38.0,82,81.918399845
867,39.0,82,81.926930189
868,40.0,82,81.931707497
869,41.0,82,81.94438
870,42.0,82,81.956661
871,29.0,83,82.97811
872,30.0,83,82.961041
873,31.0,83,82.9471203
874,32.0,83,82.9345391
875,33.0,83,82.9252069
876,34.0,83,82.919118604
877,35.0,83,82.915175285
878,36.0,83,82.914126516
879,37.0,83,82.915114181
880,38.0,83,82.917554372
881,39.0,83,82.922484026
882,40.0,83,82.929240926
883,41.0,83,82.93815
884,42.0,83,82.950252
885,43.0,83,82.966377
886,29.0,84,83.985271
887,30.0,84,83.965829
888,31.0,84,83.952663
889,32.0,84,83.93757509
890,33.0,84,83.92930329
891,34.0,84,83.918466761
892,35.0,84,83.916496417
893,36.0,84,83.91149772708
894,37.0,84,83.914375223
895,38.0,84,83.913419118
896,39.0,84,83.92067106
897,40.0,84,83.923325663
898,41.0,84,83.934305711
899,42.0,84,83.941846
900,43.0,84,83.959527
901,30.0,85,84.973054
902,31.0,85,84.957333
903,32.0,85,84.942969658
904,33.0,85,84.932163658
905,34.0,85,84.922260758
906,35.0,85,84.915645758
907,36.0,85,84.91252726
908,37.0,85,84.91178973604
909,38.0,85,84.912932041
910,39.0,85,84.916433039
911,40.0,85,84.921443199
912,41.0,85,84.928845836
913,42.0,85,84.938260736
914,43.0,85,84.950778
915,44.0,85,84.967117
916,30.0,86,85.978463
917,31.0,86,85.963757
918,32.0,86,85.946967
919,33.0,86,85.936701532
920,34.0,86,85.924311732
921,35.0,86,85.918805432
922,36.0,86,85.91061062468
923,37.0,86,85.911167443
924,38.0,86,85.90926072473
925,39.0,86,85.914886095
926,40.0,86,85.916296814
927,41.0,86,85.925781536
928,42.0,86,85.931174092
929,43.0,86,85.944637
930,44.0,86,85.957305
931,31.0,87,86.969007
932,32.0,87,86.953204
933,33.0,87,86.940291716
934,34.0,87,86.928688616
935,35.0,87,86.920674016
936,36.0,87,86.913354759
937,37.0,87,86.909180529
938,38.0,87,86.90887749454
939,39.0,87,86.9108761
940,40.0,87,86.914817338
941,41.0,87,86.920692473
942,42.0,87,86.928196198
943,43.0,87,86.938067185
944,44.0,87,86.950907
945,31.0,88,87.975963
946,32.0,88,87.957574
947,33.0,88,87.94584
948,34.0,88,87.93141749
949,35.0,88,87.92408329
950,36.0,88,87.914447879
951,37.0,88,87.91131559
952,38.0,88,87.905612253
953,39.0,88,87.909501274
954,40.0,88,87.910220715
955,41.0,88,87.918226476
956,42.0,88,87.921967779
957,43.0,88,87.933794211
958,44.0,88,87.941664
959,45.0,88,87.960429
960,32.0,89,88.96453
961,33.0,89,88.950048
962,34.0,89,88.936669058
963,35.0,89,88.926704558
964,36.0,89,88.917835449
965,37.0,89,88.912278136
966,38.0,89,88.907450808
967,39.0,89,88.905838156
968,40.0,89,88.908879751
969,41.0,89,88.913444696
970,42.0,89,88.919468149
971,43.0,89,88.927648649
972,44.0,89,88.937337849
973,45.0,89,88.950992
974,32.0,90,89.969436
975,33.0,90,89.955995
976,34.0,90,89.940096
977,35.0,90,89.931292848
978,36.0,90,89.919527929
979,37.0,90,89.914797557
980,38.0,90,89.90772787
981,39.0,90,89.907141749
982,40.0,90,89.904698755
983,41.0,90,89.911259201
984,42.0,90,89.91393127
985,43.0,90,89.924073919
986,44.0,90,89.930344378
987,45.0,90,89.944569
988,46.0,90,89.95737
989,33.0,91,90.960816
990,34.0,91,90.9457
991,35.0,91,90.934398617
992,36.0,91,90.923806309
993,37.0,91,90.916537261
994,38.0,91,90.910195942
995,39.0,91,90.907298048
996,40.0,91,90.905640205
997,41.0,91,90.906990256
998,42.0,91,90.91174519
999,43.0,91,90.918424972
1000,44.0,91,90.92674153
1001,45.0,91,90.937123
1002,46.0,91,90.950435
1003,33.0,92,91.967386
1004,34.0,92,91.94984
1005,35.0,92,91.939631595
1006,36.0,92,91.926173092
1007,37.0,92,91.919728477
1008,38.0,92,91.911038222
1009,39.0,92,91.908945752
1010,40.0,92,91.905035336
1011,41.0,92,91.90718858
1012,42.0,92,91.906807153
1013,43.0,92,91.915269777
1014,44.0,92,91.920234373
1015,45.0,92,91.932367692
1016,46.0,92,91.941192225
1017,47.0,92,91.95971
1018,34.0,93,92.956135
1019,35.0,93,92.94322
1020,36.0,93,92.931147172
1021,37.0,93,92.922039334
1022,38.0,93,92.914024314
1023,39.0,93,92.909578434
1024,40.0,93,92.906470661
1025,41.0,93,92.90637317
1026,42.0,93,92.906808772
1027,43.0,93,92.910245147
1028,44.0,93,92.917104442
1029,45.0,93,92.925912778
1030,46.0,93,92.936680426
1031,47.0,93,92.950188
1032,34.0,94,93.96049
1033,35.0,94,93.948846
1034,36.0,94,93.934140452
1035,37.0,94,93.926394819
1036,38.0,94,93.915355641
1037,39.0,94,93.911592062
1038,40.0,94,93.906312523
1039,41.0,94,93.907279001
1040,42.0,94,93.905083586
1041,43.0,94,93.909652319
1042,44.0,94,93.91134286
1043,45.0,94,93.92173045
1044,46.0,94,93.929036286
1045,47.0,94,93.943744
1046,48.0,94,93.956586
1047,34.0,95,94.9673
1048,35.0,95,94.952925
1049,36.0,95,94.939710922
1050,37.0,95,94.929263849
1051,38.0,95,94.919358282
1052,39.0,95,94.912819697
1053,40.0,95,94.908040276
1054,41.0,95,94.90683111
1055,42.0,95,94.905837436
1056,43.0,95,94.907652281
1057,44.0,95,94.910404415
1058,45.0,95,94.915897893
1059,46.0,95,94.924888506
1060,47.0,95,94.935688
1061,48.0,95,94.949483
1062,35.0,96,95.95898
1063,36.0,96,95.943014473
1064,37.0,96,95.934133398
1065,38.0,96,95.921719045
1066,39.0,96,95.915909305
1067,40.0,96,95.908277615
1068,41.0,96,95.908101586
1069,42.0,96,95.90467477
1070,43.0,96,95.907866675
1071,44.0,96,95.90758891
1072,45.0,96,95.914451705
1073,46.0,96,95.918213739
1074,47.0,96,95.930743903
1075,48.0,96,95.940341
1076,49.0,96,95.959109
1077,35.0,97,96.963499
1078,36.0,97,96.949088782
1079,37.0,97,96.937177117
1080,38.0,97,96.926375621
1081,39.0,97,96.918286702
1082,40.0,97,96.910963802
1083,41.0,97,96.908101622
1084,42.0,97,96.906016903
1085,43.0,97,96.90636072
1086,44.0,97,96.907545776
1087,45.0,97,96.911327872
1088,46.0,97,96.916471985
1089,47.0,97,96.9238814
1090,48.0,97,96.934799343
1091,49.0,97,96.949125
1092,35.0,98,97.969887
1093,36.0,98,97.952635
1094,37.0,98,97.941632317
1095,38.0,98,97.928692636
1096,39.0,98,97.922394841
1097,40.0,98,97.912740448
1098,41.0,98,97.910332645
1099,42.0,98,97.905403609
1100,43.0,98,97.907211206
1101,44.0,98,97.905286709
1102,45.0,98,97.910707734
1103,46.0,98,97.912698335
1104,47.0,98,97.92155997
1105,48.0,98,97.927389315
1106,49.0,98,97.942129
1107,36.0,99,98.958776
1108,37.0,99,98.94511919
1109,38.0,99,98.932883604
1110,39.0,99,98.924160839
1111,40.0,99,98.916675081
1112,41.0,99,98.911609377
1113,42.0,99,98.907707299
1114,43.0,99,98.906249681
1115,44.0,99,98.905930284
1116,45.0,99,98.908121241
1117,46.0,99,98.911773073
1118,47.0,99,98.917645766
1119,48.0,99,98.924925845
1120,49.0,99,98.93411
1121,50.0,99,98.948495
1122,36.0,100,99.962995
1123,37.0,100,99.950331532
1124,38.0,100,99.93578327
1125,39.0,100,99.927727678
1126,40.0,100,99.918010499
1127,41.0,100,99.914340578
1128,42.0,100,99.907467982
1129,43.0,100,99.907652715
1130,44.0,100,99.90421046
1131,45.0,100,99.908114147
1132,46.0,100,99.908520438
1133,47.0,100,99.916115443
1134,48.0,100,99.920348829
1135,49.0,100,99.931101929
1136,50.0,100,99.938648944
1137,36.0,101,100.969318
1138,37.0,101,100.954302
1139,38.0,101,100.940606264
1140,39.0,101,100.930160817
1141,40.0,101,100.921458454
1142,41.0,101,100.915306508
1143,42.0,101,100.910337648
1144,43.0,101,100.907305271
1145,44.0,101,100.905573086
1146,45.0,101,100.906158903
1147,46.0,101,100.908284824
1148,47.0,101,100.912683951
1149,48.0,101,100.918586209
1150,49.0,101,100.926414025
1151,50.0,101,100.935259252
1152,37.0,102,101.960008
1153,38.0,102,101.944004679
1154,39.0,102,101.934328471
1155,40.0,102,101.923154181
1156,41.0,102,101.918090447
1157,42.0,102,101.910293725
1158,43.0,102,101.909207239
1159,44.0,102,101.904340312
1160,45.0,102,101.906834282
1161,46.0,102,101.905632292
1162,47.0,102,101.911704538
1163,48.0,102,101.914481797
1164,49.0,102,101.924105911
1165,50.0,102,101.930289525
1166,51.0,102,101.945142
1167,37.0,103,102.964401
1168,38.0,103,102.949243
1169,39.0,103,102.937243796
1170,40.0,103,102.927204054
1171,41.0,103,102.919453416
1172,42.0,103,102.913091954
1173,43.0,103,102.90917396
1174,44.0,103,102.906314846
1175,45.0,103,102.905494081
1176,46.0,103,102.906111074
1177,47.0,103,102.908960558
1178,48.0,103,102.913416922
1179,49.0,103,102.91987883
1180,50.0,103,102.927973
1181,51.0,103,102.939162
1182,37.0,104,103.970531
1183,38.0,104,103.953022
1184,39.0,104,103.941943
1185,40.0,104,103.929449193
1186,41.0,104,103.922907728
1187,42.0,104,103.913747443
1188,43.0,104,103.911433718
1189,44.0,104,103.905425312
1190,45.0,104,103.906645309
1191,46.0,104,103.904030393
1192,47.0,104,103.908623715
1193,48.0,104,103.909856228
1194,49.0,104,103.918214538
1195,50.0,104,103.923105195
1196,51.0,104,103.936344
1197,52.0,104,103.946723408
1198,38.0,105,104.959001
1199,39.0,105,104.945711
1200,40.0,105,104.934021832
1201,41.0,105,104.924942577
1202,42.0,105,104.916981989
1203,43.0,105,104.911662024
1204,44.0,105,104.907745478
1205,45.0,105,104.905687787
1206,46.0,105,104.905079479
1207,47.0,105,104.906525604
1208,48.0,105,104.909463893
1209,49.0,105,104.914502322
1210,50.0,105,104.921268421
1211,51.0,105,104.931276547
1212,52.0,105,104.943304516
1213,38.0,106,105.963177
1214,39.0,106,105.950842
1215,40.0,106,105.93693
1216,41.0,106,105.928928505
1217,42.0,106,105.918273231
1218,43.0,106,105.914356674
1219,44.0,106,105.907328181
1220,45.0,106,105.907285879
1221,46.0,106,105.903480287
1222,47.0,106,105.906663499
1223,48.0,106,105.906459791
1224,49.0,106,105.913463596
1225,50.0,106,105.916957394
1226,51.0,106,105.928637979
1227,52.0,106,105.937498521
1228,53.0,106,105.953516
1229,38.0,107,106.969672
1230,39.0,107,106.954943
1231,40.0,107,106.942007
1232,41.0,107,106.931589685
1233,42.0,107,106.92211977
1234,43.0,107,106.915458437
1235,44.0,107,106.909969837
1236,45.0,107,106.906747975
1237,46.0,107,106.905128058
1238,47.0,107,106.905091509
1239,48.0,107,106.906612049
1240,49.0,107,106.910287497
1241,50.0,107,106.915713649
1242,51.0,107,106.924150621
1243,52.0,107,106.934882
1244,53.0,107,106.946935
1245,39.0,108,107.960515
1246,40.0,108,107.945303
1247,41.0,108,107.936075604
1248,42.0,108,107.924047508
1249,43.0,108,107.918493493
1250,44.0,108,107.910185793
1251,45.0,108,107.908715304
1252,46.0,108,107.903891806
1253,47.0,108,107.905950245
1254,48.0,108,107.904183588
1255,49.0,108,107.909693654
1256,50.0,108,107.91189429
1257,51.0,108,107.922226731
1258,52.0,108,107.929380469
1259,53.0,108,107.943348
1260,54.0,108,107.954232285
1261,39.0,109,108.965131
1262,40.0,109,108.950907
1263,41.0,109,108.939141
1264,42.0,109,108.928438318
1265,43.0,109,108.920254107
1266,44.0,109,108.913323707
1267,45.0,109,108.908749555
1268,46.0,109,108.905950576
1269,47.0,109,108.904755778
1270,48.0,109,108.904986697
1271,49.0,109,108.907149679
1272,50.0,109,108.911292857
1273,51.0,109,108.918141203
1274,52.0,109,108.927304532
1275,53.0,109,108.938086022
1276,54.0,109,108.950434955
1277,40.0,110,109.954675
1278,41.0,110,109.943843
1279,42.0,110,109.930717956
1280,43.0,110,109.923741263
1281,44.0,110,109.914038501
1282,45.0,110,109.911079745
1283,46.0,110,109.905172878
1284,47.0,110,109.906110724
1285,48.0,110,109.90300747
1286,49.0,110,109.907170674
1287,50.0,110,109.907844835
1288,51.0,110,109.916854283
1289,52.0,110,109.922458102
1290,53.0,110,109.935085102
1291,54.0,110,109.944258759
1292,40.0,111,110.960837
1293,41.0,111,110.947439
1294,42.0,111,110.935651966
1295,43.0,111,110.925898966
1296,44.0,111,110.917567566
1297,45.0,111,110.911643164
1298,46.0,111,110.907690358
1299,47.0,111,110.905296827
1300,48.0,111,110.904183776
1301,49.0,111,110.905107236
1302,50.0,111,110.907741143
1303,51.0,111,110.913218187
1304,52.0,111,110.921000587
1305,53.0,111,110.930269236
1306,54.0,111,110.94147
1307,55.0,111,110.953945
1308,40.0,112,111.965196
1309,41.0,112,111.952689
1310,42.0,112,111.938293
1311,43.0,112,111.929941658
1312,44.0,112,111.918806922
1313,45.0,112,111.914405199
1314,46.0,112,111.907330557
1315,47.0,112,111.907048548
1316,48.0,112,111.902763896
1317,49.0,112,111.905538718
1318,50.0,112,111.904824894
1319,51.0,112,111.912399903
1320,52.0,112,111.916727848
1321,53.0,112,111.928004548
1322,54.0,112,111.935559068
1323,55.0,112,111.950172
1324,40.0,113,112.971723
1325,41.0,113,112.956833
1326,42.0,113,112.943478
1327,43.0,113,112.932569032
1328,44.0,113,112.922846729
1329,45.0,113,112.915440212
1330,46.0,113,112.910261912
1331,47.0,113,112.906572865
1332,48.0,113,112.904408105
1333,49.0,113,112.904060451
1334,50.0,113,112.905175857
1335,51.0,113,112.909374664
1336,52.0,113,112.915891
1337,53.0,113,112.923650062
1338,54.0,113,112.933221663
1339,55.0,113,112.944428484
1340,56.0,113,112.95737
1341,41.0,114,113.962469
1342,42.0,114,113.946666
1343,43.0,114,113.93709
1344,44.0,114,113.92461443
1345,45.0,114,113.91872168
1346,46.0,114,113.91036943
1347,47.0,114,113.908823029
1348,48.0,114,113.903364998
1349,49.0,114,113.904916405
1350,50.0,114,113.90278013
1351,51.0,114,113.909289155
1352,52.0,114,113.91208782
1353,53.0,114,113.9220189
1354,54.0,114,113.927980329
1355,55.0,114,113.941292244
1356,56.0,114,113.950718489
1357,41.0,115,114.966849
1358,42.0,115,114.952174
1359,43.0,115,114.9401
1360,44.0,115,114.929033049
1361,45.0,115,114.920311649
1362,46.0,115,114.913659333
1363,47.0,115,114.908767445
1364,48.0,115,114.905437426
1365,49.0,115,114.903878772
1366,50.0,115,114.903344695
1367,51.0,115,114.906598
1368,52.0,115,114.911902
1369,53.0,115,114.918048
1370,54.0,115,114.926293943
1371,55.0,115,114.93591
1372,56.0,115,114.947482
1373,41.0,116,115.972914
1374,42.0,116,115.955759
1375,43.0,116,115.94502
1376,44.0,116,115.931219191
1377,45.0,116,115.92406206
1378,46.0,116,115.914297872
1379,47.0,116,115.911386809
1380,48.0,116,115.90476323
1381,49.0,116,115.905259992
1382,50.0,116,115.901742825
1383,51.0,116,115.906792732
1384,52.0,116,115.908465558
1385,53.0,116,115.916885513
1386,54.0,116,115.921580955
1387,55.0,116,115.933395
1388,56.0,116,115.941621
1389,57.0,116,115.957005
1390,42.0,117,116.961686
1391,43.0,117,116.94832
1392,44.0,117,116.936135
1393,45.0,117,116.926036291
1394,46.0,117,116.917955584
1395,47.0,117,116.911774086
1396,48.0,117,116.907226039
1397,49.0,117,116.904515729
1398,50.0,117,116.902954036
1399,51.0,117,116.904841519
1400,52.0,117,116.908646227
1401,53.0,117,116.913645649
1402,54.0,117,116.920358758
1403,55.0,117,116.928616723
1404,56.0,117,116.938316403
1405,57.0,117,116.950326
1406,42.0,118,117.965249
1407,43.0,118,117.953526
1408,44.0,118,117.938808
1409,45.0,118,117.930341116
1410,46.0,118,117.919067273
1411,47.0,118,117.914595484
1412,48.0,118,117.906921956
1413,49.0,118,117.906356705
1414,50.0,118,117.90160663
1415,51.0,118,117.905532194
1416,52.0,118,117.905860104
1417,53.0,118,117.913074
1418,54.0,118,117.916178678
1419,55.0,118,117.926559517
1420,56.0,118,117.933226
1421,57.0,118,117.946731
1422,42.0,119,118.971465
1423,43.0,119,118.956876
1424,44.0,119,118.94409
1425,45.0,119,118.932556951
1426,46.0,119,118.923341138
1427,47.0,119,118.915570309
1428,48.0,119,118.909847052
1429,49.0,119,118.905851622
1430,50.0,119,118.903311266
1431,51.0,119,118.903944062
1432,52.0,119,118.906405699
1433,53.0,119,118.91006091
1434,54.0,119,118.915410641
1435,55.0,119,118.922377327
1436,56.0,119,118.930659683
1437,57.0,119,118.940934
1438,58.0,119,118.952957
1439,43.0,120,119.962426
1440,44.0,120,119.946623
1441,45.0,120,119.937069
1442,46.0,120,119.924551745
1443,47.0,120,119.918784765
1444,48.0,120,119.909868065
1445,49.0,120,119.907967489
1446,50.0,120,119.902202557
1447,51.0,120,119.905080308
1448,52.0,120,119.904065779
1449,53.0,120,119.910093729
1450,54.0,120,119.911784267
1451,55.0,120,119.920677277
1452,56.0,120,119.926044997
1453,57.0,120,119.938196
1454,58.0,120,119.946613
1455,43.0,121,120.96614
1456,44.0,121,120.952098
1457,45.0,121,120.939613
1458,46.0,121,120.928950342
1459,47.0,121,120.920125279
1460,48.0,121,120.91296366
1461,49.0,121,120.907852778
1462,50.0,121,120.904243488
1463,51.0,121,120.903811353
1464,52.0,121,120.904945065
1465,53.0,121,120.907411492
1466,54.0,121,120.911453012
1467,55.0,121,120.917227235
1468,56.0,121,120.924052286
1469,57.0,121,120.933236
1470,58.0,121,120.943435
1471,59.0,121,120.955393
1472,43.0,122,121.97176
1473,44.0,122,121.955147
1474,45.0,122,121.944305
1475,46.0,122,121.930631693
1476,47.0,122,121.923664446
1477,48.0,122,121.91345905
1478,49.0,122,121.910282458
1479,50.0,122,121.903445494
1480,51.0,122,121.905169335
1481,52.0,122,121.903044708
1482,53.0,122,121.907590094
1483,54.0,122,121.908367655
1484,55.0,122,121.916108144
1485,56.0,122,121.919904
1486,57.0,122,121.93071
1487,58.0,122,121.93787
1488,59.0,122,121.951927
1489,44.0,123,122.960762
1490,45.0,123,122.947192
1491,46.0,123,122.935126
1492,47.0,123,122.92531506
1493,48.0,123,122.91689246
1494,49.0,123,122.910435252
1495,50.0,123,122.905727065
1496,51.0,123,122.904215292
1497,52.0,123,122.904271022
1498,53.0,123,122.905589753
1499,54.0,123,122.908482235
1500,55.0,123,122.91299606
1501,56.0,123,122.91878106
1502,57.0,123,122.9263
1503,58.0,123,122.93528
1504,59.0,123,122.946076
1505,44.0,124,123.96394
1506,45.0,124,123.952002
1507,46.0,124,123.937305
1508,47.0,124,123.928899227
1509,48.0,124,123.917659772
1510,49.0,124,123.913184873
1511,50.0,124,123.905279619
1512,51.0,124,123.905937065
1513,52.0,124,123.902818341
1514,53.0,124,123.906210297
1515,54.0,124,123.905885174
1516,55.0,124,123.912247366
1517,56.0,124,123.915093627
1518,57.0,124,123.924574275
1519,58.0,124,123.93031
1520,59.0,124,123.94294
1521,60.0,124,123.951873
1522,44.0,125,124.969544
1523,45.0,125,124.955094
1524,46.0,125,124.942072
1525,47.0,125,124.930735
1526,48.0,125,124.92125759
1527,49.0,125,124.913673841
1528,50.0,125,124.90778937
1529,51.0,125,124.905254264
1530,52.0,125,124.904431178
1531,53.0,125,124.90463061
1532,54.0,125,124.90638764
1533,55.0,125,124.909725953
1534,56.0,125,124.91447184
1535,57.0,125,124.920815931
1536,58.0,125,124.92844
1537,59.0,125,124.937659
1538,60.0,125,124.948395
1539,45.0,126,125.960064
1540,46.0,126,125.944401
1541,47.0,126,125.934814
1542,48.0,126,125.92243029
1543,49.0,126,125.916468202
1544,50.0,126,125.907658958
1545,51.0,126,125.907253158
1546,52.0,126,125.903312144
1547,53.0,126,125.905624205
1548,54.0,126,125.904297422
1549,55.0,126,125.909445821
1550,56.0,126,125.911250202
1551,57.0,126,125.919512667
1552,58.0,126,125.923971
1553,59.0,126,125.93524
1554,60.0,126,125.942694
1555,61.0,126,125.957327
1556,45.0,127,126.963789
1557,46.0,127,126.949307
1558,47.0,127,126.937037
1559,48.0,127,126.926203291
1560,49.0,127,126.91746604
1561,50.0,127,126.910391726
1562,51.0,127,126.906925557
1563,52.0,127,126.905226993
1564,53.0,127,126.904472592
1565,54.0,127,126.905183636
1566,55.0,127,126.907417527
1567,56.0,127,126.911091272
1568,57.0,127,126.916375083
1569,58.0,127,126.922727
1570,59.0,127,126.93071
1571,60.0,127,126.939978
1572,61.0,127,126.951358
1573,45.0,128,127.970649
1574,46.0,128,127.952345
1575,47.0,128,127.941266
1576,48.0,128,127.927816778
1577,49.0,128,127.920353637
1578,50.0,128,127.910507828
1579,51.0,128,127.909146121
1580,52.0,128,127.904461237
1581,53.0,128,127.905809355
1582,54.0,128,127.90353075341
1583,55.0,128,127.907748452
1584,56.0,128,127.908352446
1585,57.0,128,127.915592123
1586,58.0,128,127.918911
1587,59.0,128,127.928791
1588,60.0,128,127.935018
1589,61.0,128,127.948234
1590,62.0,128,127.957971
1591,46.0,129,128.959334
1592,47.0,129,128.944315
1593,48.0,129,128.932235597
1594,49.0,129,128.921808534
1595,50.0,129,128.91348244
1596,51.0,129,128.909146623
1597,52.0,129,128.906596419
1598,53.0,129,128.904983643
1599,54.0,129,128.90478085742
1600,55.0,129,128.90606591
1601,56.0,129,128.908683409
1602,57.0,129,128.912695592
1603,58.0,129,128.918102
1604,59.0,129,128.925095
1605,60.0,129,128.933038
1606,61.0,129,128.942909
1607,62.0,129,128.954557
1608,46.0,130,129.964863
1609,47.0,130,129.950727
1610,48.0,130,129.934387563
1611,49.0,130,129.924952257
1612,50.0,130,129.913974531
1613,51.0,130,129.911662686
1614,52.0,130,129.906222745
1615,53.0,130,129.906670168
1616,54.0,130,129.903509346
1617,55.0,130,129.906709281
1618,56.0,130,129.906326002
1619,57.0,130,129.912369413
1620,58.0,130,129.914736
1621,59.0,130,129.92359
1622,60.0,130,129.928506
1623,61.0,130,129.940451
1624,62.0,130,129.948792
1625,63.0,130,129.964022
1626,46.0,131,130.972367
1627,47.0,131,130.956253
1628,48.0,131,130.94072774
1629,49.0,131,130.926972839
1630,50.0,131,130.917053067
1631,51.0,131,130.911989339
1632,52.0,131,130.90852221
1633,53.0,131,130.906126375
1634,54.0,131,130.90508412808
1635,55.0,131,130.905468457
1636,56.0,131,130.906946315
1637,57.0,131,130.91007
1638,58.0,131,130.914429465
1639,59.0,131,130.92023496
1640,60.0,131,130.92724802
1641,61.0,131,130.935834
1642,62.0,131,130.946022
1643,63.0,131,130.957634
1644,47.0,132,131.96307
1645,48.0,132,131.945823136
1646,49.0,132,131.932998444
1647,50.0,132,131.917823898
1648,51.0,132,131.914508013
1649,52.0,132,131.908546713
1650,53.0,132,131.907993511
1651,54.0,132,131.90415508346
1652,55.0,132,131.90643774
1653,56.0,132,131.905061231
1654,57.0,132,131.910119047
1655,58.0,132,131.911466226
1656,59.0,132,131.91924
1657,60.0,132,131.923321237
1658,61.0,132,131.93384
1659,62.0,132,131.940805
1660,63.0,132,131.954696
1661,47.0,133,132.968781
1662,48.0,133,132.952614
1663,49.0,133,132.938067
1664,50.0,133,132.923913753
1665,51.0,133,132.915272128
1666,52.0,133,132.91096333
1667,53.0,133,132.9078284
1668,54.0,133,132.905910748
1669,55.0,133,132.905451958
1670,56.0,133,132.906007443
1671,57.0,133,132.908218
1672,58.0,133,132.911520402
1673,59.0,133,132.916330558
1674,60.0,133,132.922348
1675,61.0,133,132.929782
1676,62.0,133,132.93856
1677,63.0,133,132.94929
1678,64.0,133,132.961288
1679,48.0,134,133.957638
1680,49.0,134,133.944208
1681,50.0,134,133.92868043
1682,51.0,134,133.920537334
1683,52.0,134,133.911396376
1684,53.0,134,133.90977566
1685,54.0,134,133.90539303
1686,55.0,134,133.906718501
1687,56.0,134,133.904508249
1688,57.0,134,133.908514011
1689,58.0,134,133.908928142
1690,59.0,134,133.915696729
1691,60.0,134,133.918790207
1692,61.0,134,133.928326
1693,62.0,134,133.93411
1694,63.0,134,133.946537
1695,64.0,134,133.955416
1696,48.0,135,134.964766
1697,49.0,135,134.949425
1698,50.0,135,134.934908603
1699,51.0,135,134.925184354
1700,52.0,135,134.916554715
1701,53.0,135,134.910059355
1702,54.0,135,134.907231441
1703,55.0,135,134.905976907
1704,56.0,135,134.905688447
1705,57.0,135,134.906984427
1706,58.0,135,134.909160662
1707,59.0,135,134.913111772
1708,60.0,135,134.918181318
1709,61.0,135,134.924785
1710,62.0,135,134.93252
1711,63.0,135,134.94187
1712,64.0,135,134.952496
1713,65.0,135,134.964516
1714,49.0,136,135.956017
1715,50.0,136,135.939699
1716,51.0,136,135.930749009
1717,52.0,136,135.92010118
1718,53.0,136,135.914604693
1719,54.0,136,135.907214474
1720,55.0,136,135.907311431
1721,56.0,136,135.9045758
1722,57.0,136,135.907634962
1723,58.0,136,135.907129256
1724,59.0,136,135.91267747
1725,60.0,136,135.914976061
1726,61.0,136,135.923595949
1727,62.0,136,135.928275553
1728,63.0,136,135.93962
1729,64.0,136,135.9473
1730,65.0,136,135.96146
1731,49.0,137,136.961535
1732,50.0,137,136.946162
1733,51.0,137,136.935522519
1734,52.0,137,136.925599354
1735,53.0,137,136.918028178
1736,54.0,137,136.911557771
1737,55.0,137,136.907089296
1738,56.0,137,136.905827207
1739,57.0,137,136.906450438
1740,58.0,137,136.907762416
1741,59.0,137,136.910679183
1742,60.0,137,136.914563099
1743,61.0,137,136.920479519
1744,62.0,137,136.927007959
1745,63.0,137,136.935430719
1746,64.0,137,136.94502
1747,65.0,137,136.95602
1748,50.0,138,137.951143
1749,51.0,138,137.941331
1750,52.0,138,137.929472452
1751,53.0,138,137.922726392
1752,54.0,138,137.914146268
1753,55.0,138,137.911017119
1754,56.0,138,137.905247059
1755,57.0,138,137.907124041
1756,58.0,138,137.90599418
1757,59.0,138,137.910757495
1758,60.0,138,137.911950938
1759,61.0,138,137.919576119
1760,62.0,138,137.923243988
1761,63.0,138,137.933709
1762,64.0,138,137.940247
1763,65.0,138,137.953193
1764,66.0,138,137.9625
1765,50.0,139,138.957799
1766,51.0,139,138.946269
1767,52.0,139,138.935367191
1768,53.0,139,138.9264934
1769,54.0,139,138.9187922
1770,55.0,139,138.913363822
1771,56.0,139,138.908841164
1772,57.0,139,138.906362927
1773,58.0,139,138.906647029
1774,59.0,139,138.9089327
1775,60.0,139,138.911951208
1776,61.0,139,138.916799228
1777,62.0,139,138.922296631
1778,63.0,139,138.929792307
1779,64.0,139,138.93813
1780,65.0,139,138.94833
1781,66.0,139,138.959527
1782,50.0,140,139.962973
1783,51.0,140,139.952345
1784,52.0,140,139.939487057
1785,53.0,140,139.931715914
1786,54.0,140,139.921645814
1787,55.0,140,139.917283707
1788,56.0,140,139.910608231
1789,57.0,140,139.909487285
1790,58.0,140,139.905448433
1791,59.0,140,139.9090856
1792,60.0,140,139.90954613
1793,61.0,140,139.916035918
1794,62.0,140,139.918994714
1795,63.0,140,139.928087633
1796,64.0,140,139.933674
1797,65.0,140,139.945805048
1798,66.0,140,139.95402
1799,67.0,140,139.968526
1800,51.0,141,140.957552
1801,52.0,141,140.945604
1802,53.0,141,140.935666081
1803,54.0,141,140.926787181
1804,55.0,141,140.920045279
1805,56.0,141,140.914403653
1806,57.0,141,140.910971155
1807,58.0,141,140.908285991
1808,59.0,141,140.907659604
1809,60.0,141,140.90961669
1810,61.0,141,140.913555081
1811,62.0,141,140.918481545
1812,63.0,141,140.924931734
1813,64.0,141,140.932126
1814,65.0,141,140.941448
1815,66.0,141,140.95128
1816,67.0,141,140.963108
1817,51.0,142,141.963918
1818,52.0,142,141.950027
1819,53.0,142,141.941166595
1820,54.0,142,141.929973095
1821,55.0,142,141.924299514
1822,56.0,142,141.916432904
1823,57.0,142,141.91409076
1824,58.0,142,141.909250208
1825,59.0,142,141.91005164
1826,60.0,142,141.907728824
1827,61.0,142,141.912890982
1828,62.0,142,141.915209415
1829,63.0,142,141.923446719
1830,64.0,142,141.928116
1831,65.0,142,141.939280858
1832,66.0,142,141.946194
1833,67.0,142,141.96001
1834,68.0,142,141.970016
1835,52.0,143,142.956489
1836,53.0,143,142.945475
1837,54.0,143,142.93536955
1838,55.0,143,142.927347346
1839,56.0,143,142.920625149
1840,57.0,143,142.916079482
1841,58.0,143,142.912391953
1842,59.0,143,142.910822624
1843,60.0,143,142.909819815
1844,61.0,143,142.910938068
1845,62.0,143,142.914634848
1846,63.0,143,142.920298678
1847,64.0,143,142.926750678
1848,65.0,143,142.935137332
1849,66.0,143,142.943994332
1850,67.0,143,142.95486
1851,68.0,143,142.966548
1852,52.0,144,143.961116
1853,53.0,144,143.951336
1854,54.0,144,143.938945076
1855,55.0,144,143.932075402
1856,56.0,144,143.922954821
1857,57.0,144,143.919645589
1858,58.0,144,143.913652763
1859,59.0,144,143.913310682
1860,60.0,144,143.910092798
1861,61.0,144,143.912596208
1862,62.0,144,143.912006285
1863,63.0,144,143.918819481
1864,64.0,144,143.922963
1865,65.0,144,143.933045
1866,66.0,144,143.939269512
1867,67.0,144,143.952109712
1868,68.0,144,143.9607
1869,69.0,144,143.976211
1870,52.0,145,144.967783
1871,53.0,145,144.955845
1872,54.0,145,144.944719631
1873,55.0,145,144.935528927
1874,56.0,145,144.9275184
1875,57.0,145,144.921808065
1876,58.0,145,144.917265113
1877,59.0,145,144.914517987
1878,60.0,145,144.912579151
1879,61.0,145,144.912755748
1880,62.0,145,144.913417157
1881,63.0,145,144.916272659
1882,64.0,145,144.921710051
1883,65.0,145,144.928717001
1884,66.0,145,144.937473992
1885,67.0,145,144.947267392
1886,68.0,145,144.957874
1887,69.0,145,144.970389
1888,53.0,146,145.961846
1889,54.0,146,145.948518245
1890,55.0,146,145.940621867
1891,56.0,146,145.9303632
1892,57.0,146,145.925688017
1893,58.0,146,145.918812294
1894,59.0,146,145.91768763
1895,60.0,146,145.913122459
1896,61.0,146,145.91470224
1897,62.0,146,145.913046835
1898,63.0,146,145.917210852
1899,64.0,146,145.918318513
1900,65.0,146,145.927252739
1901,66.0,146,145.932844526
1902,67.0,146,145.944993503
1903,68.0,146,145.952418357
1904,69.0,146,145.966661
1905,53.0,147,146.966505
1906,54.0,147,146.954482
1907,55.0,147,146.944261512
1908,56.0,147,146.9353039
1909,57.0,147,146.9284178
1910,58.0,147,146.9226899
1911,59.0,147,146.919007438
1912,60.0,147,146.916105969
1913,61.0,147,146.915144944
1914,62.0,147,146.914904401
1915,63.0,147,146.91675244
1916,64.0,147,146.919101014
1917,65.0,147,146.92405462
1918,66.0,147,146.931082712
1919,67.0,147,146.940142293
1920,68.0,147,146.949964456
1921,69.0,147,146.961379887
1922,54.0,148,147.958508
1923,55.0,148,147.949639026
1924,56.0,148,147.938223
1925,57.0,148,147.9326794
1926,58.0,148,147.924424186
1927,59.0,148,147.922129992
1928,60.0,148,147.916899027
1929,61.0,148,147.917481091
1930,62.0,148,147.914829233
1931,63.0,148,147.918091288
1932,64.0,148,147.918121414
1933,65.0,148,147.924275476
1934,66.0,148,147.927149944
1935,67.0,148,147.937743925
1936,68.0,148,147.944735026
1937,69.0,148,147.958384026
1938,70.0,148,147.967547
1939,54.0,149,148.964573
1940,55.0,149,148.953516
1941,56.0,149,148.943284
1942,57.0,149,148.935351259
1943,58.0,149,148.9284269
1944,59.0,149,148.9237361
1945,60.0,149,148.920154583
1946,61.0,149,148.918341507
1947,62.0,149,148.917191211
1948,63.0,149,148.917936875
1949,64.0,149,148.919347666
1950,65.0,149,148.923253792
1951,66.0,149,148.927327516
1952,67.0,149,148.933820457
1953,68.0,149,148.942306
1954,69.0,149,148.952828
1955,70.0,149,148.964219
1956,54.0,150,149.968878
1957,55.0,150,149.959023
1958,56.0,150,149.9464411
1959,57.0,150,149.9395475
1960,58.0,150,149.930384032
1961,59.0,150,149.926676391
1962,60.0,150,149.920901322
1963,61.0,150,149.920990014
1964,62.0,150,149.917281993
1965,63.0,150,149.919707092
1966,64.0,150,149.918663949
1967,65.0,150,149.923664799
1968,66.0,150,149.925593068
1969,67.0,150,149.933498353
1970,68.0,150,149.937915524
1971,69.0,150,149.95009
1972,70.0,150,149.958314
1973,71.0,150,149.973407
1974,55.0,151,150.963199
1975,56.0,151,150.951755
1976,57.0,151,150.942769
1977,58.0,151,150.9342722
1978,59.0,151,150.928309066
1979,60.0,151,150.923839363
1980,61.0,151,150.921216613
1981,62.0,151,150.919938859
1982,63.0,151,150.919856606
1983,64.0,151,150.920354922
1984,65.0,151,150.92310897
1985,66.0,151,150.926191279
1986,67.0,151,150.931698176
1987,68.0,151,150.937448567
1988,69.0,151,150.945494433
1989,70.0,151,150.955402453
1990,71.0,151,150.967471
1991,55.0,152,151.968728
1992,56.0,152,151.95533
1993,57.0,152,151.947085
1994,58.0,152,151.936682
1995,59.0,152,151.9315529
1996,60.0,152,151.924691242
1997,61.0,152,151.923505185
1998,62.0,152,151.919738646
1999,63.0,152,151.92175098
2000,64.0,152,151.919798414
2001,65.0,152,151.924081855
2002,66.0,152,151.924725274
2003,67.0,152,151.931717618
2004,68.0,152,151.935050347
2005,69.0,152,151.944476
2006,70.0,152,151.950326699
2007,71.0,152,151.96412
2008,56.0,153,152.960848
2009,57.0,153,152.950553
2010,58.0,153,152.941052
2011,59.0,153,152.933903511
2012,60.0,153,152.927717868
2013,61.0,153,152.924156252
2014,62.0,153,152.922103576
2015,63.0,153,152.921236789
2016,64.0,153,152.921756945
2017,65.0,153,152.923441694
2018,66.0,153,152.925771729
2019,67.0,153,152.930206671
2020,68.0,153,152.93508635
2021,69.0,153,152.942058023
2022,70.0,153,152.949372
2023,71.0,153,152.958802248
2024,72.0,153,152.970692
2025,56.0,154,153.964659
2026,57.0,154,153.955416
2027,58.0,154,153.94394
2028,59.0,154,153.937885165
2029,60.0,154,153.929597404
2030,61.0,154,153.926712791
2031,62.0,154,153.922215756
2032,63.0,154,153.922985699
2033,64.0,154,153.920872974
2034,65.0,154,153.924683681
2035,66.0,154,153.92442892
2036,67.0,154,153.930606776
2037,68.0,154,153.932790799
2038,69.0,154,153.941570062
2039,70.0,154,153.946395696
2040,71.0,154,153.957416
2041,72.0,154,153.964863
2042,57.0,155,154.95928
2043,58.0,155,154.948706
2044,59.0,155,154.940509193
2045,60.0,155,154.933135598
2046,61.0,155,154.928136951
2047,62.0,155,154.924646645
2048,63.0,155,154.922899847
2049,64.0,155,154.922629356
2050,65.0,155,154.923509511
2051,66.0,155,154.925758049
2052,67.0,155,154.929103363
2053,68.0,155,154.93321571
2054,69.0,155,154.939209576
2055,70.0,155,154.945783216
2056,71.0,155,154.954326005
2057,72.0,155,154.963167
2058,73.0,155,154.974248
2059,57.0,156,155.964519
2060,58.0,156,155.951884
2061,59.0,156,155.9447669
2062,60.0,156,155.935370358
2063,61.0,156,155.931114059
2064,62.0,156,155.925538191
2065,63.0,156,155.924762976
2066,64.0,156,155.92213012
2067,65.0,156,155.924754209
2068,66.0,156,155.924283593
2069,67.0,156,155.929641634
2070,68.0,156,155.931065926
2071,69.0,156,155.938985746
2072,70.0,156,155.942817096
2073,71.0,156,155.953086606
2074,72.0,156,155.959399083
2075,73.0,156,155.972087
2076,57.0,157,156.968792
2077,58.0,157,156.957133
2078,59.0,157,156.9480031
2079,60.0,157,156.939351074
2080,61.0,157,156.933121298
2081,62.0,157,156.928418598
2082,63.0,157,156.925432556
2083,64.0,157,156.923967424
2084,65.0,157,156.924031888
2085,66.0,157,156.925469555
2086,67.0,157,156.928251974
2087,68.0,157,156.931922652
2088,69.0,157,156.936973
2089,70.0,157,156.942651368
2090,71.0,157,156.950144807
2091,72.0,157,156.958288
2092,73.0,157,156.968227445
2093,74.0,157,156.978862
2094,58.0,158,157.960773
2095,59.0,158,157.952603
2096,60.0,158,157.94220562
2097,61.0,158,157.936546948
2098,62.0,158,157.929949262
2099,63.0,158,157.927782192
2100,64.0,158,157.9241112
2101,65.0,158,157.925419942
2102,66.0,158,157.924414817
2103,67.0,158,157.92894491
2104,68.0,158,157.929893474
2105,69.0,158,157.936979525
2106,70.0,158,157.939871202
2107,71.0,158,157.94931562
2108,72.0,158,157.954801217
2109,73.0,158,157.966593
2110,74.0,158,157.974565
2111,58.0,159,158.966355
2112,59.0,159,158.956232
2113,60.0,159,158.946619085
2114,61.0,159,158.939286409
2115,62.0,159,158.93321713
2116,63.0,159,158.929099512
2117,64.0,159,158.926395822
2118,65.0,159,158.925353707
2119,66.0,159,158.925745938
2120,67.0,159,158.927718683
2121,68.0,159,158.93069079
2122,69.0,159,158.934975
2123,70.0,159,158.940060257
2124,71.0,159,158.946635615
2125,72.0,159,158.953995837
2126,73.0,159,158.963028046
2127,74.0,159,158.972696
2128,75.0,159,158.984106
2129,59.0,160,159.961138
2130,60.0,160,159.949839172
2131,61.0,160,159.943215272
2132,62.0,160,159.935337032
2133,63.0,160,159.931836982
2134,64.0,160,159.927061202
2135,65.0,160,159.927174553
2136,66.0,160,159.925203578
2137,67.0,160,159.928735538
2138,68.0,160,159.929077193
2139,69.0,160,159.935264177
2140,70.0,160,159.93755921
2141,71.0,160,159.946033
2142,72.0,160,159.950682728
2143,73.0,160,159.961541678
2144,74.0,160,159.968513946
2145,75.0,160,159.98188
2146,59.0,161,160.965121
2147,60.0,161,160.954664
2148,61.0,161,160.946229837
2149,62.0,161,160.939160062
2150,63.0,161,160.933663991
2151,64.0,161,160.929676267
2152,65.0,161,160.927576806
2153,66.0,161,160.926939425
2154,67.0,161,160.927861815
2155,68.0,161,160.93000353
2156,69.0,161,160.933549
2157,70.0,161,160.937912384
2158,71.0,161,160.943572
2159,72.0,161,160.950277927
2160,73.0,161,160.958369489
2161,74.0,161,160.967249
2162,75.0,161,160.977624313
2163,76.0,161,160.989054
2164,60.0,162,161.958121
2165,61.0,162,161.950574
2166,62.0,162,161.941621687
2167,63.0,162,161.936958329
2168,64.0,162,161.930991812
2169,65.0,162,161.9292754
2170,66.0,162,161.926804507
2171,67.0,162,161.929102543
2172,68.0,162,161.928787299
2173,69.0,162,161.934001211
2174,70.0,162,161.935779342
2175,71.0,162,161.943282776
2176,72.0,162,161.947215526
2177,73.0,162,161.957292907
2178,74.0,162,161.963500341
2179,75.0,162,161.975896
2180,76.0,162,161.984434
2181,60.0,163,162.963414
2182,61.0,163,162.953881
2183,62.0,163,162.945679085
2184,63.0,163,162.93926551
2185,64.0,163,162.93409664
2186,65.0,163,162.930653609
2187,66.0,163,162.928737221
2188,67.0,163,162.92874026
2189,68.0,163,162.930039908
2190,69.0,163,162.932658282
2191,70.0,163,162.936345406
2192,71.0,163,162.941179
2193,72.0,163,162.947107211
2194,73.0,163,162.954337194
2195,74.0,163,162.962524251
2196,75.0,163,162.972085434
2197,76.0,163,162.982462
2198,77.0,163,162.994299
2199,61.0,164,163.958819
2200,62.0,164,163.948550061
2201,63.0,164,163.942852943
2202,64.0,164,163.935916193
2203,65.0,164,163.933327561
2204,66.0,164,163.929180819
2205,67.0,164,163.930240548
2206,68.0,164,163.929207739
2207,69.0,164,163.933538019
2208,70.0,164,163.934500743
2209,71.0,164,163.941339
2210,72.0,164,163.944370709
2211,73.0,164,163.953534
2212,74.0,164,163.958952445
2213,75.0,164,163.970507122
2214,76.0,164,163.978073158
2215,77.0,164,163.991966
2216,61.0,165,164.96278
2217,62.0,165,164.95329
2218,63.0,165,164.94554007
2219,64.0,165,164.93931708
2220,65.0,165,164.934955198
2221,66.0,165,164.931709402
2222,67.0,165,164.930329116
2223,68.0,165,164.930733482
2224,69.0,165,164.932441843
2225,70.0,165,164.935270241
2226,71.0,165,164.939406758
2227,72.0,165,164.944567
2228,73.0,165,164.950780287
2229,74.0,165,164.958280663
2230,75.0,165,164.967085831
2231,76.0,165,164.976654
2232,77.0,165,164.987552
2233,78.0,165,164.999658
2234,62.0,166,165.956575
2235,63.0,166,165.949813
2236,64.0,166,165.941630413
2237,65.0,166,165.937939727
2238,66.0,166,165.93281281
2239,67.0,166,165.932291209
2240,68.0,166,165.930301067
2241,69.0,166,165.933562136
2242,70.0,166,165.933876439
2243,71.0,166,165.939859
2244,72.0,166,165.94218
2245,73.0,166,165.950512
2246,74.0,166,165.955031952
2247,75.0,166,165.965821216
2248,76.0,166,165.972698135
2249,77.0,166,165.985716
2250,78.0,166,165.994866
2251,62.0,167,166.962072
2252,63.0,167,166.953011
2253,64.0,167,166.945490012
2254,65.0,167,166.940007046
2255,66.0,167,166.935682415
2256,67.0,167,166.933140254
2257,68.0,167,166.932056192
2258,69.0,167,166.932857206
2259,70.0,167,166.934954069
2260,71.0,167,166.938243
2261,72.0,167,166.9426
2262,73.0,167,166.948093
2263,74.0,167,166.95481108
2264,75.0,167,166.962604
2265,76.0,167,166.971552304
2266,77.0,167,166.981671973
2267,78.0,167,166.99275
2268,62.0,168,167.966033
2269,63.0,168,167.957863
2270,64.0,168,167.948309
2271,65.0,168,167.943337074
2272,66.0,168,167.937134977
2273,67.0,168,167.935523766
2274,68.0,168,167.932378282
2275,69.0,168,167.934178457
2276,70.0,168,167.933891297
2277,71.0,168,167.938729798
2278,72.0,168,167.940568
2279,73.0,168,167.948047
2280,74.0,168,167.951805459
2281,75.0,168,167.961572607
2282,76.0,168,167.96779905
2283,77.0,168,167.979960978
2284,78.0,168,167.988180196
2285,79.0,168,168.002716
2286,63.0,169,168.961717
2287,64.0,169,168.952882
2288,65.0,169,168.945807
2289,66.0,169,168.940315231
2290,67.0,169,168.93687989
2291,68.0,169,168.934598444
2292,69.0,169,168.934218956
2293,70.0,169,168.935184208
2294,71.0,169,168.937645845
2295,72.0,169,168.941259
2296,73.0,169,168.946011
2297,74.0,169,168.951778689
2298,75.0,169,168.958765979
2299,76.0,169,168.967017521
2300,77.0,169,168.976281743
2301,78.0,169,168.986619
2302,79.0,169,168.99808
2303,63.0,170,169.96687
2304,64.0,170,169.956146
2305,65.0,170,169.949855
2306,66.0,170,169.94234
2307,67.0,170,169.939626548
2308,68.0,170,169.935471933
2309,69.0,170,169.935807093
2310,70.0,170,169.934767242
2311,71.0,170,169.93847923
2312,72.0,170,169.939609
2313,73.0,170,169.946175
2314,74.0,170,169.949231235
2315,75.0,170,169.958234844
2316,76.0,170,169.963579273
2317,77.0,170,169.975113
2318,78.0,170,169.982502087
2319,79.0,170,169.996024
2320,80.0,170,170.005814
2321,64.0,171,170.961127
2322,65.0,171,170.953011
2323,66.0,171,170.946312
2324,67.0,171,170.941472713
2325,68.0,171,170.938037372
2326,69.0,171,170.936435162
2327,70.0,171,170.936331515
2328,71.0,171,170.937918591
2329,72.0,171,170.940492
2330,73.0,171,170.944476
2331,74.0,171,170.949451
2332,75.0,171,170.955716
2333,76.0,171,170.963180402
2334,77.0,171,170.97164552
2335,78.0,171,170.981248868
2336,79.0,171,170.991881533
2337,80.0,171,171.003585
2338,64.0,172,171.964605
2339,65.0,172,171.957391
2340,66.0,172,171.948728
2341,67.0,172,171.94473
2342,68.0,172,171.939363461
2343,69.0,172,171.938406959
2344,70.0,172,171.936386654
2345,71.0,172,171.93909132
2346,72.0,172,171.939449716
2347,73.0,172,171.944895
2348,74.0,172,171.947292
2349,75.0,172,171.955376165
2350,76.0,172,171.960017309
2351,77.0,172,171.970607035
2352,78.0,172,171.977341059
2353,79.0,172,171.989996704
2354,80.0,172,171.998860581
2355,65.0,173,172.960805
2356,66.0,173,172.953043
2357,67.0,173,172.94702
2358,68.0,173,172.9424
2359,69.0,173,172.93960663
2360,70.0,173,172.938216211
2361,71.0,173,172.938935722
2362,72.0,173,172.940513
2363,73.0,173,172.94375
2364,74.0,173,172.947689
2365,75.0,173,172.953243
2366,76.0,173,172.959808387
2367,77.0,173,172.967505477
2368,78.0,173,172.976449922
2369,79.0,173,172.986224263
2370,80.0,173,172.997143
2371,65.0,174,173.965679
2372,66.0,174,173.955845
2373,67.0,174,173.950757
2374,68.0,174,173.94423
2375,69.0,174,173.942174061
2376,70.0,174,173.938867545
2377,71.0,174,173.94034284
2378,72.0,174,173.940048377
2379,73.0,174,173.944454
2380,74.0,174,173.946079
2381,75.0,174,173.953115
2382,76.0,174,173.957063192
2383,77.0,174,173.966949939
2384,78.0,174,173.972820431
2385,79.0,174,173.984908
2386,80.0,174,173.992870575
2387,66.0,175,174.960569
2388,67.0,175,174.953516
2389,68.0,175,174.94777
2390,69.0,175,174.94384231
2391,70.0,175,174.941281907
2392,71.0,175,174.940777211
2393,72.0,175,174.941511424
2394,73.0,175,174.943737
2395,74.0,175,174.946717
2396,75.0,175,174.951381
2397,76.0,175,174.956945126
2398,77.0,175,174.964149519
2399,78.0,175,174.972400593
2400,79.0,175,174.981316375
2401,80.0,175,174.991444451
2402,66.0,176,175.963918
2403,67.0,176,175.957713
2404,68.0,176,175.94994
2405,69.0,176,175.946997707
2406,70.0,176,175.942574706
2407,71.0,176,175.942691711
2408,72.0,176,175.941409797
2409,73.0,176,175.944857
2410,74.0,176,175.945634
2411,75.0,176,175.951623
2412,76.0,176,175.954770315
2413,77.0,176,175.963626261
2414,78.0,176,175.968938162
2415,79.0,176,175.980116925
2416,80.0,176,175.98734867
2417,81.0,176,176.000627731
2418,67.0,177,176.961052
2419,68.0,177,176.95399
2420,69.0,177,176.948932
2421,70.0,177,176.945263846
2422,71.0,177,176.94376357
2423,72.0,177,176.943230187
2424,73.0,177,176.94448194
2425,74.0,177,176.946643
2426,75.0,177,176.950328
2427,76.0,177,176.954957902
2428,77.0,177,176.9613015
2429,78.0,177,176.968469541
2430,79.0,177,176.976869701
2431,80.0,177,176.98628459
2432,81.0,177,176.996414252
2433,67.0,178,177.965507
2434,68.0,178,177.956779
2435,69.0,178,177.952506
2436,70.0,178,177.9466694
2437,71.0,178,177.945960065
2438,72.0,178,177.943708322
2439,73.0,178,177.94568
2440,74.0,178,177.945885791
2441,75.0,178,177.950989
2442,76.0,178,177.953253334
2443,77.0,178,177.961079395
2444,78.0,178,177.965649288
2445,79.0,178,177.976056714
2446,80.0,178,177.982484756
2447,81.0,178,177.995047
2448,82.0,178,178.003836171
2449,68.0,179,178.961267
2450,69.0,179,178.955018
2451,70.0,179,178.94993
2452,71.0,179,178.947332985
2453,72.0,179,178.945825705
2454,73.0,179,178.94593905
2455,74.0,179,178.947079378
2456,75.0,179,178.949989686
2457,76.0,179,178.953815985
2458,77.0,179,178.959117594
2459,78.0,179,178.965358742
2460,79.0,179,178.973173666
2461,80.0,179,178.981821759
2462,81.0,179,178.991122185
2463,82.0,179,179.002202492
2464,68.0,180,179.96438
2465,69.0,180,179.959023
2466,70.0,180,179.951991
2467,71.0,180,179.949890744
2468,72.0,180,179.946559537
2469,73.0,180,179.947467589
2470,74.0,180,179.946713304
2471,75.0,180,179.950791568
2472,76.0,180,179.952381665
2473,77.0,180,179.959229446
2474,78.0,180,179.96303801
2475,79.0,180,179.972489738
2476,80.0,180,179.97826018
2477,81.0,180,179.98991895
2478,82.0,180,179.997916177
2479,69.0,181,180.961954
2480,70.0,181,180.95589
2481,71.0,181,180.951908
2482,72.0,181,180.949110834
2483,73.0,181,180.947998528
2484,74.0,181,180.948218733
2485,75.0,181,180.950061507
2486,76.0,181,180.953247188
2487,77.0,181,180.957634691
2488,78.0,181,180.963089946
2489,79.0,181,180.970079102
2490,80.0,181,180.977819368
2491,81.0,181,180.986259978
2492,82.0,181,180.9966606
2493,69.0,182,181.966194
2494,70.0,182,181.958239
2495,71.0,182,181.955158
2496,72.0,182,181.950563684
2497,73.0,182,181.950154612
2498,74.0,182,181.948205636
2499,75.0,182,181.95121156
2500,76.0,182,181.952110154
2501,77.0,182,181.958076296
2502,78.0,182,181.961171605
2503,79.0,182,181.969614433
2504,80.0,182,181.974689173
2505,81.0,182,181.985692649
2506,82.0,182,181.992673537
2507,70.0,183,182.962426
2508,71.0,183,182.957363
2509,72.0,183,182.953533203
2510,73.0,183,182.95137538
2511,74.0,183,182.950224416
2512,75.0,183,182.950821306
2513,76.0,183,182.953125028
2514,77.0,183,182.956841231
2515,78.0,183,182.961595895
2516,79.0,183,182.967588106
2517,80.0,183,182.974444652
2518,81.0,183,182.982192843
2519,82.0,183,182.991862527
2520,70.0,184,183.965002
2521,71.0,184,183.96103
2522,72.0,184,183.955448507
2523,73.0,184,183.954009958
2524,74.0,184,183.95093318
2525,75.0,184,183.952528073
2526,76.0,184,183.952492919
2527,77.0,184,183.957476
2528,78.0,184,183.959921929
2529,79.0,184,183.967451523
2530,80.0,184,183.971717709
2531,81.0,184,183.981874973
2532,82.0,184,183.988135634
2533,83.0,184,184.001347
2534,70.0,185,184.969425
2535,71.0,185,184.963542
2536,72.0,185,184.958862
2537,73.0,185,184.955561317
2538,74.0,185,184.953421206
2539,75.0,185,184.95295832
2540,76.0,185,184.954045969
2541,77.0,185,184.956698
2542,78.0,185,184.960613659
2543,79.0,185,184.965798871
2544,80.0,185,184.971890696
2545,81.0,185,184.978789189
2546,82.0,185,184.98761
2547,83.0,185,184.9976
2548,71.0,186,185.96745
2549,72.0,186,185.960897
2550,73.0,186,185.958553036
2551,74.0,186,185.95436514
2552,75.0,186,185.954989172
2553,76.0,186,185.953837569
2554,77.0,186,185.957946754
2555,78.0,186,185.959350845
2556,79.0,186,185.965952703
2557,80.0,186,185.969362061
2558,81.0,186,185.978654787
2559,82.0,186,185.984239409
2560,83.0,186,185.996623169
2561,84.0,186,186.004403174
2562,71.0,187,186.970188
2563,72.0,187,186.964573
2564,73.0,187,186.960391
2565,74.0,187,186.957161249
2566,75.0,187,186.955752217
2567,76.0,187,186.955749569
2568,77.0,187,186.957542
2569,78.0,187,186.960616646
2570,79.0,187,186.964542147
2571,80.0,187,186.96981354
2572,81.0,187,186.97590474
2573,82.0,187,186.983910842
2574,83.0,187,186.993147272
2575,84.0,187,187.003031482
2576,71.0,188,187.974428
2577,72.0,188,187.966903
2578,73.0,188,187.963596
2579,74.0,188,187.958488325
2580,75.0,188,187.958113658
2581,76.0,188,187.955837292
2582,77.0,188,187.958834999
2583,78.0,188,187.959397521
2584,79.0,188,187.965247966
2585,80.0,188,187.967580738
2586,81.0,188,187.976020886
2587,82.0,188,187.980879079
2588,83.0,188,187.992276064
2589,84.0,188,187.999415586
2590,72.0,189,188.970853
2591,73.0,189,188.96569
2592,74.0,189,188.961557
2593,75.0,189,188.959227764
2594,76.0,189,188.958145949
2595,77.0,189,188.958722602
2596,78.0,189,188.960848485
2597,79.0,189,188.963948286
2598,80.0,189,188.968194776
2599,81.0,189,188.973573525
2600,82.0,189,188.980843658
2601,83.0,189,188.989195139
2602,84.0,189,188.998473425
2603,72.0,190,189.973376
2604,73.0,190,189.969168
2605,74.0,190,189.963103542
2606,75.0,190,189.961800064
2607,76.0,190,189.958445442
2608,77.0,190,189.960543374
2609,78.0,190,189.959949823
2610,79.0,190,189.964751746
2611,80.0,190,189.96632225
2612,81.0,190,189.973841771
2613,82.0,190,189.978081872
2614,83.0,190,189.988624828
2615,84.0,190,189.995101731
2616,73.0,191,190.97153
2617,74.0,191,190.966531
2618,75.0,191,190.963123322
2619,76.0,191,190.960928105
2620,77.0,191,190.960591455
2621,78.0,191,190.961676261
2622,79.0,191,190.963716452
2623,80.0,191,190.967158301
2624,81.0,191,190.971784093
2625,82.0,191,190.978216455
2626,83.0,191,190.985786972
2627,84.0,191,190.994558494
2628,85.0,191,191.004148081
2629,73.0,192,191.975201
2630,74.0,192,191.968202
2631,75.0,192,191.966088
2632,76.0,192,191.961478765
2633,77.0,192,191.962602414
2634,78.0,192,191.961042667
2635,79.0,192,191.964817615
2636,80.0,192,191.965634263
2637,81.0,192,191.972225
2638,82.0,192,191.975789598
2639,83.0,192,191.985470077
2640,84.0,192,191.991340274
2641,85.0,192,192.003140912
2642,73.0,193,192.97766
2643,74.0,193,192.971884
2644,75.0,193,192.967545
2645,76.0,193,192.964149637
2646,77.0,193,192.962923753
2647,78.0,193,192.962984546
2648,79.0,193,192.964138442
2649,80.0,193,192.966653395
2650,81.0,193,192.970501994
2651,82.0,193,192.976135914
2652,83.0,193,192.98294722
2653,84.0,193,192.991062421
2654,85.0,193,192.999927725
2655,86.0,193,193.009707973
2656,73.0,194,193.98161
2657,74.0,194,193.973795
2658,75.0,194,193.970735
2659,76.0,194,193.965179407
2660,77.0,194,193.965075703
2661,78.0,194,193.962683498
2662,79.0,194,193.965419051
2663,80.0,194,193.965449108
2664,81.0,194,193.971081408
2665,82.0,194,193.974011788
2666,83.0,194,193.982798581
2667,84.0,194,193.988186058
2668,85.0,194,193.999230816
2669,86.0,194,194.006145636
2670,74.0,195,194.977735
2671,75.0,195,194.97256
2672,76.0,195,194.968318
2673,77.0,195,194.965976898
2674,78.0,195,194.964794325
2675,79.0,195,194.965037823
2676,80.0,195,194.966705809
2677,81.0,195,194.969774052
2678,82.0,195,194.974516167
2679,83.0,195,194.980648759
2680,84.0,195,194.988065781
2681,85.0,195,194.99627448
2682,86.0,195,195.005421703
2683,74.0,196,195.979882
2684,75.0,196,195.975996
2685,76.0,196,195.969643261
2686,77.0,196,195.968399669
2687,78.0,196,195.964954648
2688,79.0,196,195.966571213
2689,80.0,196,195.965833445
2690,81.0,196,195.970481189
2691,82.0,196,195.972787552
2692,83.0,196,195.980666509
2693,84.0,196,195.985540722
2694,85.0,196,195.995799034
2695,86.0,196,196.002120431
2696,74.0,197,196.984036
2697,75.0,197,196.978153
2698,76.0,197,196.973076
2699,77.0,197,196.969657217
2700,78.0,197,196.96734303
2701,79.0,197,196.966570103
2702,80.0,197,196.967213715
2703,81.0,197,196.969560492
2704,82.0,197,196.973434737
2705,83.0,197,196.978864927
2706,84.0,197,196.985621939
2707,85.0,197,196.993177353
2708,86.0,197,197.001621446
2709,87.0,197,197.011008086
2710,75.0,198,197.98176
2711,76.0,198,197.974664
2712,77.0,198,197.972399
2713,78.0,198,197.967896718
2714,79.0,198,197.968243714
2715,80.0,198,197.966769177
2716,81.0,198,197.970446669
2717,82.0,198,197.97201545
2718,83.0,198,197.979201316
2719,84.0,198,197.983388753
2720,85.0,198,197.992797864
2721,86.0,198,197.998679197
2722,87.0,198,198.010282081
2723,75.0,199,198.984187
2724,76.0,199,198.978239
2725,77.0,199,198.973807097
2726,78.0,199,198.970597022
2727,79.0,199,198.968766573
2728,80.0,199,198.968280994
2729,81.0,199,198.969877
2730,82.0,199,198.97291262
2731,83.0,199,198.977672841
2732,84.0,199,198.983640445
2733,85.0,199,198.990527715
2734,86.0,199,198.998325436
2735,87.0,199,199.007269384
2736,76.0,200,199.980086
2737,77.0,200,199.976844
2738,78.0,200,199.971444609
2739,79.0,200,199.970756558
2740,80.0,200,199.968326941
2741,81.0,200,199.970963608
2742,82.0,200,199.971818546
2743,83.0,200,199.97813129
2744,84.0,200,199.981812355
2745,85.0,200,199.990351099
2746,86.0,200,199.995705335
2747,87.0,200,200.006584666
2748,76.0,201,200.984069
2749,77.0,201,200.978701
2750,78.0,201,200.974513305
2751,79.0,201,200.971657678
2752,80.0,201,200.970303054
2753,81.0,201,200.970820235
2754,82.0,201,200.972870431
2755,83.0,201,200.976995017
2756,84.0,201,200.982263799
2757,85.0,201,200.988417058
2758,86.0,201,200.995590511
2759,87.0,201,201.003852491
2760,88.0,201,201.012814699
2761,76.0,202,201.986548
2762,77.0,202,201.982136
2763,78.0,202,201.975639
2764,79.0,202,201.973856
2765,80.0,202,201.970643604
2766,81.0,202,201.972108874
2767,82.0,202,201.972151613
2768,83.0,202,201.977723042
2769,84.0,202,201.980738934
2770,85.0,202,201.988625686
2771,86.0,202,201.993263982
2772,87.0,202,202.003329637
2773,88.0,202,202.009742305
2774,76.0,203,202.992195
2775,77.0,203,202.984573
2776,78.0,203,202.979055
2777,79.0,203,202.975154492
2778,80.0,203,202.972872396
2779,81.0,203,202.972344098
2780,82.0,203,202.973390617
2781,83.0,203,202.976892077
2782,84.0,203,202.981416072
2783,85.0,203,202.986942904
2784,86.0,203,202.993361155
2785,87.0,203,203.000940867
2786,88.0,203,203.009233907
2787,77.0,204,203.989726
2788,78.0,204,203.981084
2789,79.0,204,203.97811
2790,80.0,204,203.973494037
2791,81.0,204,203.97386342
2792,82.0,204,203.973043506
2793,83.0,204,203.977835687
2794,84.0,204,203.980310078
2795,85.0,204,203.987251393
2796,86.0,204,203.991443729
2797,87.0,204,204.000651972
2798,88.0,204,204.006506855
2799,77.0,205,204.993988
2800,78.0,205,204.986237
2801,79.0,205,204.980064
2802,80.0,205,204.976073151
2803,81.0,205,204.974427318
2804,82.0,205,204.974481682
2805,83.0,205,204.977385182
2806,84.0,205,204.981190006
2807,85.0,205,204.986060546
2808,86.0,205,204.991723228
2809,87.0,205,204.998593854
2810,88.0,205,205.006230692
2811,89.0,205,205.015144152
2812,78.0,206,205.99008
2813,79.0,206,205.984766
2814,80.0,206,205.977513837
2815,81.0,206,205.976110108
2816,82.0,206,205.97446521
2817,83.0,206,205.978498843
2818,84.0,206,205.980473662
2819,85.0,206,205.986645768
2820,86.0,206,205.990195409
2821,87.0,206,205.998661441
2822,88.0,206,206.003827842
2823,89.0,206,206.014476477
2824,78.0,207,206.995556
2825,79.0,207,206.988577
2826,80.0,207,206.9823
2827,81.0,207,206.977418605
2828,82.0,207,206.975896821
2829,83.0,207,206.978470551
2830,84.0,207,206.981593334
2831,85.0,207,206.985799715
2832,86.0,207,206.990730224
2833,87.0,207,206.99694145
2834,88.0,207,207.00377242
2835,89.0,207,207.011965967
2836,78.0,208,207.999463
2837,79.0,208,207.993655
2838,80.0,208,207.985759
2839,81.0,208,207.982018006
2840,82.0,208,207.976652005
2841,83.0,208,207.97974206
2842,84.0,208,207.981246035
2843,85.0,208,207.986613011
2844,86.0,208,207.989634513
2845,87.0,208,207.997139082
2846,88.0,208,208.001855012
2847,89.0,208,208.011552251
2848,90.0,208,208.017915348
2849,79.0,209,208.997606
2850,80.0,209,208.990757
2851,81.0,209,208.985351713
2852,82.0,209,208.981089978
2853,83.0,209,208.980398599
2854,84.0,209,208.982430361
2855,85.0,209,208.986168701
2856,86.0,209,208.990401389
2857,87.0,209,208.995939701
2858,88.0,209,209.001994902
2859,89.0,209,209.009495375
2860,90.0,209,209.017601
2861,79.0,210,210.002877
2862,80.0,210,209.99431
2863,81.0,210,209.990072942
2864,82.0,210,209.984188381
2865,83.0,210,209.984120237
2866,84.0,210,209.982873686
2867,85.0,210,209.987147423
2868,86.0,210,209.989688862
2869,87.0,210,209.996410596
2870,88.0,210,210.000475406
2871,89.0,210,210.009408625
2872,90.0,210,210.015093515
2873,80.0,211,210.999581
2874,81.0,211,210.993475
2875,82.0,211,210.988735288
2876,83.0,211,210.987268715
2877,84.0,211,210.986653171
2878,85.0,211,210.987496226
2879,86.0,211,210.990600767
2880,87.0,211,210.995555189
2881,88.0,211,211.000893049
2882,89.0,211,211.007668846
2883,90.0,211,211.014896923
2884,91.0,211,211.023674036
2885,80.0,212,212.003242
2886,81.0,212,211.998335
2887,82.0,212,211.991895891
2888,83.0,212,211.99128503
2889,84.0,212,211.988867982
2890,85.0,212,211.990737301
2891,86.0,212,211.990703946
2892,87.0,212,211.99622542
2893,88.0,212,211.999786619
2894,89.0,212,212.007836442
2895,90.0,212,212.01300157
2896,91.0,212,212.023184819
2897,80.0,213,213.008803
2898,81.0,213,213.001915
2899,82.0,213,212.996560796
2900,83.0,213,212.99438357
2901,84.0,213,212.992857154
2902,85.0,213,212.992936593
2903,86.0,213,212.993885147
2904,87.0,213,212.99618441
2905,88.0,213,213.000370971
2906,89.0,213,213.006592665
2907,90.0,213,213.01301147
2908,91.0,213,213.021099644
2909,80.0,214,214.012636
2910,81.0,214,214.00694
2911,82.0,214,213.999803521
2912,83.0,214,213.998710909
2913,84.0,214,213.995201287
2914,85.0,214,213.996372331
2915,86.0,214,213.99536265
2916,87.0,214,213.998971193
2917,88.0,214,214.00009956
2918,89.0,214,214.0069064
2919,90.0,214,214.01148148
2920,91.0,214,214.020891055
2921,80.0,215,215.018368
2922,81.0,215,215.010768
2923,82.0,215,215.004661591
2924,83.0,215,215.001749095
2925,84.0,215,214.999418385
2926,85.0,215,214.998651002
2927,86.0,215,214.998745037
2928,87.0,215,215.000341534
2929,88.0,215,215.002718208
2930,89.0,215,215.006474061
2931,90.0,215,215.01172464
2932,91.0,215,215.019113955
2933,92.0,215,215.026719774
2934,80.0,216,216.022459
2935,81.0,216,216.015964
2936,82.0,216,216.008062
2937,83.0,216,216.006305985
2938,84.0,216,216.001913416
2939,85.0,216,216.002422643
2940,86.0,216,216.000271942
2941,87.0,216,216.003189523
2942,88.0,216,216.003533534
2943,89.0,216,216.008749101
2944,90.0,216,216.011055933
2945,91.0,216,216.019134633
2946,92.0,216,216.024762829
2947,81.0,217,217.020032
2948,82.0,217,217.013162
2949,83.0,217,217.009372
2950,84.0,217,217.006316145
2951,85.0,217,217.004717794
2952,86.0,217,217.003927632
2953,87.0,217,217.00463198
2954,88.0,217,217.006322676
2955,89.0,217,217.009342325
2956,90.0,217,217.013103443
2957,91.0,217,217.018309024
2958,92.0,217,217.02466
2959,81.0,218,218.025454
2960,82.0,218,218.016779
2961,83.0,218,218.014188
2962,84.0,218,218.008971234
2963,85.0,218,218.008695941
2964,86.0,218,218.005601123
2965,87.0,218,218.00757862
2966,88.0,218,218.007134297
2967,89.0,218,218.01164886
2968,90.0,218,218.013276248
2969,91.0,218,218.020021133
2970,92.0,218,218.023504877
2971,82.0,219,219.022136
2972,83.0,219,219.01752
2973,84.0,219,219.013614
2974,85.0,219,219.011160587
2975,86.0,219,219.009478683
2976,87.0,219,219.009250664
2977,88.0,219,219.010084715
2978,89.0,219,219.012420425
2979,90.0,219,219.015526432
2980,91.0,219,219.019949909
2981,92.0,219,219.025009233
2982,93.0,219,219.031601865
2983,82.0,220,220.025905
2984,83.0,220,220.022501
2985,84.0,220,220.016386
2986,85.0,220,220.015433
2987,86.0,220,220.011392443
2988,87.0,220,220.012326789
2989,88.0,220,220.011027542
2990,89.0,220,220.014754527
2991,90.0,220,220.015769866
2992,91.0,220,220.021769753
2993,92.0,220,220.024706
2994,93.0,220,220.03271628
2995,83.0,221,221.02598
2996,84.0,221,221.021228
2997,85.0,221,221.018017
2998,86.0,221,221.015535637
2999,87.0,221,221.014253714
3000,88.0,221,221.013917293
3001,89.0,221,221.015599721
3002,90.0,221,221.018185757
3003,91.0,221,221.021873393
3004,92.0,221,221.026323297
3005,93.0,221,221.03211
3006,94.0,221,221.038572
3007,83.0,222,222.031079
3008,84.0,222,222.02414
3009,85.0,222,222.022494
3010,86.0,222,222.017576017
3011,87.0,222,222.017582615
3012,88.0,222,222.015373371
3013,89.0,222,222.017844232
3014,90.0,222,222.01846822
3015,91.0,222,222.023687064
3016,92.0,222,222.026057957
3017,93.0,222,222.033574706
3018,94.0,222,222.037638
3019,83.0,223,223.034611
3020,84.0,223,223.02907
3021,85.0,223,223.025151
3022,86.0,223,223.021889283
3023,87.0,223,223.019734241
3024,88.0,223,223.018500648
3025,89.0,223,223.019135982
3026,90.0,223,223.020811083
3027,91.0,223,223.023980414
3028,92.0,223,223.027960754
3029,93.0,223,223.03291334
3030,94.0,223,223.038777
3031,95.0,223,223.04584
3032,83.0,224,224.039796
3033,84.0,224,224.03211
3034,85.0,224,224.029749
3035,86.0,224,224.024095803
3036,87.0,224,224.023348096
3037,88.0,224,224.020210361
3038,89.0,224,224.021722249
3039,90.0,224,224.021466137
3040,91.0,224,224.025617286
3041,92.0,224,224.027635913
3042,93.0,224,224.03438803
3043,94.0,224,224.037875
3044,95.0,224,224.046442
3045,84.0,225,225.037123
3046,85.0,225,225.032528
3047,86.0,225,225.028485572
3048,87.0,225,225.025572466
3049,88.0,225,225.023610502
3050,89.0,225,225.023228601
3051,90.0,225,225.023950975
3052,91.0,225,225.026147927
3053,92.0,225,225.02938505
3054,93.0,225,225.033943422
3055,94.0,225,225.03897
3056,95.0,225,225.045508
3057,84.0,226,226.04031
3058,85.0,226,226.037209
3059,86.0,226,226.03086138
3060,87.0,226,226.029544512
3061,88.0,226,226.025408186
3062,89.0,226,226.026096999
3063,90.0,226,226.024903699
3064,91.0,226,226.027948217
3065,92.0,226,226.029338669
3066,93.0,226,226.035230364
3067,94.0,226,226.03825
3068,95.0,226,226.04613
3069,84.0,227,227.04539
3070,85.0,227,227.040183
3071,86.0,227,227.035304393
3072,87.0,227,227.031865413
3073,88.0,227,227.029176205
3074,89.0,227,227.027750594
3075,90.0,227,227.027702546
3076,91.0,227,227.028803586
3077,92.0,227,227.031181124
3078,93.0,227,227.034975012
3079,94.0,227,227.039474
3080,95.0,227,227.045282
3081,85.0,228,228.04496
3082,86.0,228,228.037835415
3083,87.0,228,228.035839433
3084,88.0,228,228.031068574
3085,89.0,228,228.031019685
3086,90.0,228,228.028739741
3087,91.0,228,228.031050758
3088,92.0,228,228.031368959
3089,93.0,228,228.036313
3090,94.0,228,228.038763325
3091,95.0,228,228.046001
3092,85.0,229,229.048191
3093,86.0,229,229.042257272
3094,87.0,229,229.038291443
3095,88.0,229,229.034956703
3096,89.0,229,229.032947
3097,90.0,229,229.031761357
3098,91.0,229,229.032095585
3099,92.0,229,229.033505976
3100,93.0,229,229.036287269
3101,94.0,229,229.040145099
3102,95.0,229,229.045282534
3103,86.0,230,230.045271
3104,87.0,230,230.042390787
3105,88.0,230,230.037054776
3106,89.0,230,230.036327
3107,90.0,230,230.033132267
3108,91.0,230,230.034539717
3109,92.0,230,230.033940114
3110,93.0,230,230.03782806
3111,94.0,230,230.039648313
3112,95.0,230,230.046025
3113,86.0,231,231.049973
3114,87.0,231,231.045175353
3115,88.0,231,231.041027085
3116,89.0,231,231.038393
3117,90.0,231,231.036302764
3118,91.0,231,231.0358825
3119,92.0,231,231.03629218
3120,93.0,231,231.038243598
3121,94.0,231,231.041125946
3122,95.0,231,231.045529
3123,96.0,231,231.050746
3124,87.0,232,232.049461219
3125,88.0,232,232.043475267
3126,89.0,232,232.042034
3127,90.0,232,232.038053606
3128,91.0,232,232.038590205
3129,92.0,232,232.037154765
3130,93.0,232,232.040107
3131,94.0,232,232.041182133
3132,95.0,232,232.046613
3133,96.0,232,232.04974
3134,87.0,233,233.052517833
3135,88.0,233,233.04759457
3136,89.0,233,233.044346
3137,90.0,233,233.041580126
3138,91.0,233,233.040246535
3139,92.0,233,233.039634294
3140,93.0,233,233.040739421
3141,94.0,233,233.042997411
3142,95.0,233,233.046468
3143,96.0,233,233.050771485
3144,97.0,233,233.056652
3145,88.0,234,234.0503821
3146,89.0,234,234.048139
3147,90.0,234,234.043599801
3148,91.0,234,234.043305555
3149,92.0,234,234.040950296
3150,93.0,234,234.042893245
3151,94.0,234,234.043317489
3152,95.0,234,234.047731
3153,96.0,234,234.050158568
3154,97.0,234,234.057322
3155,88.0,235,235.05489
3156,89.0,235,235.05084
3157,90.0,235,235.047255
3158,91.0,235,235.045399
3159,92.0,235,235.043928117
3160,93.0,235,235.044061518
3161,94.0,235,235.045284609
3162,95.0,235,235.047906478
3163,96.0,235,235.051545
3164,97.0,235,235.056651
3165,89.0,236,236.054988
3166,90.0,236,236.049657
3167,91.0,236,236.048668
3168,92.0,236,236.04556613
3169,93.0,236,236.046568296
3170,94.0,236,236.046056661
3171,95.0,236,236.049427
3172,96.0,236,236.051372112
3173,97.0,236,236.057479
3174,89.0,237,237.057993
3175,90.0,237,237.053629
3176,91.0,237,237.051023
3177,92.0,237,237.048728309
3178,93.0,237,237.04817164
3179,94.0,237,237.048407888
3180,95.0,237,237.049995
3181,96.0,237,237.052868988
3182,97.0,237,237.057123
3183,98.0,237,237.062199272
3184,90.0,238,238.056388
3185,91.0,238,238.054637
3186,92.0,238,238.050786936
3187,93.0,238,238.050944603
3188,94.0,238,238.049558175
3189,95.0,238,238.051982531
3190,96.0,238,238.053081606
3191,97.0,238,238.058204
3192,98.0,238,238.06149
3193,90.0,239,239.060655
3194,91.0,239,239.05726
3195,92.0,239,239.054291989
3196,93.0,239,239.052937538
3197,94.0,239,239.052161596
3198,95.0,239,239.053022729
3199,96.0,239,239.054908519
3200,97.0,239,239.058239
3201,98.0,239,239.062482
3202,99.0,239,239.06831
3203,91.0,240,240.061203
3204,92.0,240,240.056592411
3205,93.0,240,240.056163778
3206,94.0,240,240.05381174
3207,95.0,240,240.055298374
3208,96.0,240,240.055528233
3209,97.0,240,240.059758
3210,98.0,240,240.062253447
3211,99.0,240,240.068949
3212,91.0,241,241.064134
3213,92.0,241,241.06033
3214,93.0,241,241.058309671
3215,94.0,241,241.056849651
3216,95.0,241,241.056827343
3217,96.0,241,241.057651218
3218,97.0,241,241.060098
3219,98.0,241,241.06369
3220,99.0,241,241.068592
3221,100.0,241,241.074311
3222,92.0,242,242.062931
3223,93.0,242,242.061639548
3224,94.0,242,242.058740979
3225,95.0,242,242.059547358
3226,96.0,242,242.058834187
3227,97.0,242,242.061999
3228,98.0,242,242.063754544
3229,99.0,242,242.069567
3230,100.0,242,242.07343
3231,92.0,243,243.067075
3232,93.0,243,243.064204
3233,94.0,243,243.062002068
3234,95.0,243,243.061379889
3235,96.0,243,243.061387329
3236,97.0,243,243.063005905
3237,98.0,243,243.065475
3238,99.0,243,243.069508
3239,100.0,243,243.074414
3240,93.0,244,244.067891
3241,94.0,244,244.064204401
3242,95.0,244,244.064282892
3243,96.0,244,244.062750622
3244,97.0,244,244.065178969
3245,98.0,244,244.065999447
3246,99.0,244,244.070881
3247,100.0,244,244.074036
3248,101.0,244,244.081157
3249,93.0,245,245.070693
3250,94.0,245,245.067824554
3251,95.0,245,245.066452827
3252,96.0,245,245.065491047
3253,97.0,245,245.066359814
3254,98.0,245,245.068046755
3255,99.0,245,245.071192
3256,100.0,245,245.075354
3257,101.0,245,245.080864
3258,94.0,246,246.070204172
3259,95.0,246,246.069774
3260,96.0,246,246.067222016
3261,97.0,246,246.0686713
3262,98.0,246,246.068803685
3263,99.0,246,246.072806474
3264,100.0,246,246.075353334
3265,101.0,246,246.081713
3266,94.0,247,247.0743
3267,95.0,247,247.072092
3268,96.0,247,247.070352678
3269,97.0,247,247.070305889
3270,98.0,247,247.070971348
3271,99.0,247,247.073621929
3272,100.0,247,247.076944
3273,101.0,247,247.08152
3274,95.0,248,248.075752
3275,96.0,248,248.072349086
3276,97.0,248,248.073141689
3277,98.0,248,248.072182905
3278,99.0,248,248.075469
3279,100.0,248,248.077185451
3280,101.0,248,248.082607
3281,102.0,248,248.086623
3282,95.0,249,249.07848
3283,96.0,249,249.075953992
3284,97.0,249,249.074983118
3285,98.0,249,249.074850428
3286,99.0,249,249.076409
3287,100.0,249,249.078926042
3288,101.0,249,249.082857155
3289,102.0,249,249.087802
3290,96.0,250,250.078357541
3291,97.0,250,250.078317195
3292,98.0,250,250.076404494
3293,99.0,250,250.078611
3294,100.0,250,250.079519765
3295,101.0,250,250.084164934
3296,102.0,250,250.087565
3297,96.0,251,251.082284988
3298,97.0,251,251.080760555
3299,98.0,251,251.079587171
3300,99.0,251,251.079991431
3301,100.0,251,251.08154513
3302,101.0,251,251.084774287
3303,102.0,251,251.088942
3304,103.0,251,251.094289
3305,96.0,252,252.08487
3306,97.0,252,252.08431
3307,98.0,252,252.081626507
3308,99.0,252,252.082979173
3309,100.0,252,252.082466019
3310,101.0,252,252.086385
3311,102.0,252,252.08896607
3312,103.0,252,252.095048
3313,97.0,253,253.08688
3314,98.0,253,253.085133723
3315,99.0,253,253.084821241
3316,100.0,253,253.085180945
3317,101.0,253,253.087143
3318,102.0,253,253.09056278
3319,103.0,253,253.09503385
3320,104.0,253,253.100528
3321,97.0,254,254.0906
3322,98.0,254,254.087323575
3323,99.0,254,254.088024337
3324,100.0,254,254.086852424
3325,101.0,254,254.08959
3326,102.0,254,254.090954211
3327,103.0,254,254.096238813
3328,104.0,254,254.100055
3329,98.0,255,255.091046
3330,99.0,255,255.090273504
3331,100.0,255,255.089963495
3332,101.0,255,255.091081702
3333,102.0,255,255.093196439
3334,103.0,255,255.096562399
3335,104.0,255,255.101267
3336,105.0,255,255.106919
3337,98.0,256,256.093442
3338,99.0,256,256.093597
3339,100.0,256,256.091771699
3340,101.0,256,256.093888
3341,102.0,256,256.094281912
3342,103.0,256,256.098494024
3343,104.0,256,256.101151464
3344,105.0,256,256.107674
3345,99.0,257,257.095979
3346,100.0,257,257.095105419
3347,101.0,257,257.095537343
3348,102.0,257,257.096884203
3349,103.0,257,257.09948
3350,104.0,257,257.102916796
3351,105.0,257,257.107520042
3352,99.0,258,258.09952
3353,100.0,258,258.097077
3354,101.0,258,258.098433634
3355,102.0,258,258.098205
3356,103.0,258,258.101753
3357,104.0,258,258.103429895
3358,105.0,258,258.108972995
3359,106.0,258,258.11304
3360,100.0,259,259.100596
3361,101.0,259,259.100445
3362,102.0,259,259.100998364
3363,103.0,259,259.1029
3364,104.0,259,259.105601
3365,105.0,259,259.109491859
3366,106.0,259,259.114353
3367,100.0,260,260.102809
3368,101.0,260,260.10365
3369,102.0,260,260.102641
3370,103.0,260,260.105504
3371,104.0,260,260.10644
3372,105.0,260,260.111297
3373,106.0,260,260.114383435
3374,107.0,260,260.121443
3375,101.0,261,261.105828
3376,102.0,261,261.105696
3377,103.0,261,261.106879
3378,104.0,261,261.108769591
3379,105.0,261,261.111979
3380,106.0,261,261.115948135
3381,107.0,261,261.121395733
3382,101.0,262,262.109144
3383,102.0,262,262.107463
3384,103.0,262,262.109615
3385,104.0,262,262.109923
3386,105.0,262,262.114067
3387,106.0,262,262.116338978
3388,107.0,262,262.122654688
3389,102.0,263,263.110714
3390,103.0,263,263.111293
3391,104.0,263,263.112461
3392,105.0,263,263.114987
3393,106.0,263,263.118299
3394,107.0,263,263.122916
3395,108.0,263,263.128479
3396,102.0,264,264.112734
3397,103.0,264,264.114198
3398,104.0,264,264.113876
3399,105.0,264,264.117297
3400,106.0,264,264.11893
3401,107.0,264,264.124486
3402,108.0,264,264.12835633
3403,103.0,265,265.116193
3404,104.0,265,265.116683
3405,105.0,265,265.1185
3406,106.0,265,265.121089
3407,107.0,265,265.124955
3408,108.0,265,265.129791744
3409,109.0,265,265.135937
3410,103.0,266,266.119874
3411,104.0,266,266.118236
3412,105.0,266,266.121032
3413,106.0,266,266.121973
3414,107.0,266,266.12679
3415,108.0,266,266.130048783
3416,109.0,266,266.137062253
3417,104.0,267,267.121787
3418,105.0,267,267.122399
3419,106.0,267,267.124323
3420,107.0,267,267.127499
3421,108.0,267,267.131678
3422,109.0,267,267.137189
3423,,267,267.143726
3424,104.0,268,268.123968
3425,105.0,268,268.125669
3426,106.0,268,268.125389
3427,107.0,268,268.129584
3428,108.0,268,268.132011
3429,109.0,268,268.138649
3430,,268,268.143477
3431,105.0,269,269.127911
3432,106.0,269,269.128495
3433,107.0,269,269.130411
3434,108.0,269,269.133649
3435,109.0,269,269.138809
3436,,269,269.144750965
3437,105.0,270,270.131399
3438,106.0,270,270.130362
3439,107.0,270,270.133366
3440,108.0,270,270.134313
3441,109.0,270,270.140322
3442,,270,270.14458662
3443,106.0,271,271.133782
3444,107.0,271,271.135115
3445,108.0,271,271.137082
3446,109.0,271,271.140741
3447,,271,271.145951
3448,106.0,272,272.135825
3449,107.0,272,272.138259
3450,108.0,272,272.138492
3451,109.0,272,272.143298
3452,,272,272.146091
3453,,272,272.153273
3454,106.0,273,273.139475
3455,107.0,273,273.140294
3456,108.0,273,273.141458
3457,109.0,273,273.144695
3458,,273,273.148455
3459,,273,273.153393
3460,107.0,274,274.143599
3461,108.0,274,274.143217
3462,109.0,274,274.147343
3463,,274,274.149434
3464,,274,274.155247
3465,107.0,275,275.145766
3466,108.0,275,275.14653
3467,109.0,275,275.148972
3468,,275,275.152085
3469,,275,275.156088
3470,107.0,276,276.149169
3471,108.0,276,276.148348
3472,109.0,276,276.151705
3473,,276,276.153022
3474,,276,276.158226
3475,,276,276.161418
3476,107.0,277,277.151477
3477,108.0,277,277.151772
3478,109.0,277,277.153525
3479,,277,277.155763
3480,,277,277.159322
3481,,277,277.163535
3482,107.0,278,278.154988
3483,108.0,278,278.153753
3484,109.0,278,278.156487
3485,,278,278.157007
3486,,278,278.16159
3487,,278,278.164083
3488,113.0,278,278.170725
3489,108.0,279,279.157274
3490,109.0,279,279.158439
3491,,279,279.159984
3492,,279,279.16288
3493,,279,279.166422
3494,113.0,279,279.171187
3495,108.0,280,280.159335
3496,109.0,280,280.161579
3497,,280,280.161375
3498,,280,280.165204
3499,,280,280.167102
3500,113.0,280,280.173098
3501,109.0,281,281.163608
3502,,281,281.164545
3503,,281,281.166757
3504,,281,281.169563
3505,113.0,281,281.17371
3506,109.0,282,282.166888
3507,,282,282.166174
3508,,282,282.169343
3509,,282,282.170507
3510,113.0,282,282.17577
3511,,283,283.169437
3512,,283,283.171101
3513,,283,283.173202
3514,113.0,283,283.176666
3515,,284,284.171187
3516,,284,284.173882
3517,,284,284.17436
3518,113.0,284,284.178843
3519,114.0,284,284.181192
3520,,285,285.175771
3521,,285,285.177227
3522,113.0,285,285.180106
3523,114.0,285,285.183503
3524,,286,286.178756
3525,,286,286.178691
3526,113.0,286,286.182456
3527,114.0,286,286.184226
3528,,287,287.181826
3529,113.0,287,287.184064
3530,114.0,287,287.18672
3531,115.0,287,287.19082
3532,,288,288.183501
3533,113.0,288,288.186764
3534,114.0,288,288.187781
3535,115.0,288,288.192879
3536,113.0,289,289.188461
3537,114.0,289,289.190517
3538,115.0,289,289.193971
3539,116.0,289,289.198023
3540,113.0,290,290.191429
3541,114.0,290,290.191875
3542,115.0,290,290.196235
3543,116.0,290,290.198635
3544,114.0,291,291.194848
3545,115.0,291,291.197725
3546,116.0,291,291.201014
3547,117.0,291,291.205748
3548,115.0,292,292.200323
3549,116.0,292,292.201969
3550,117.0,292,292.207861
3551,116.0,293,293.204583
3552,117.0,293,293.208727
3553,118.0,293,293.213423
3554,117.0,294,294.21084
3555,118.0,294,294.213979
3556,118.0,295,295.216178
